stimulus	nblettres	freqlemfilms2	ifreq	wtype	word
aisé	4	3.03	1	0	aisé
rime	4	3.08	1	0	rime
mâle	4	3.09	1	0	mâle
dock	4	3.1	1	0	dock
lave	4	3.13	1	0	lave
yack	4	3.15	1	0	yack
yoga	4	3.17	1	0	yoga
croc	4	3.19	1	0	croc
sève	4	3.19	1	0	sève
elfe	4	3.26	1	0	elfe
ruer	4	3.27	1	0	ruer
guet	4	3.29	1	0	guet
haie	4	3.36	1	0	haie
sire	4	3.37	1	0	sire
fief	4	3.38	1	0	fief
vomi	4	3.52	1	0	vomi
gale	4	3.52	1	0	gale
lobe	4	3.58	1	0	lobe
tôle	4	3.58	1	0	tôle
pôle	4	3.59	1	0	pôle
gêne	4	3.62	1	0	gêne
tige	4	3.73	1	0	tige
brut	4	3.86	1	0	brut
gala	4	3.9	1	0	gala
iris	4	3.93	1	0	iris
dune	4	3.96	1	0	dune
raid	4	3.98	1	0	raid
flux	4	4.07	1	0	flux
plan	4	4.08	1	0	plan
cale	4	4.08	1	0	cale
diva	4	4.16	1	0	diva
ride	4	4.2	1	0	ride
turc	4	4.25	1	0	turc
taxe	4	4.34	1	0	taxe
rame	4	4.38	1	0	rame
abbé	4	4.46	1	0	abbé
poli	4	4.68	1	0	poli
bond	4	4.69	1	0	bond
abus	4	4.75	1	0	abus
grue	4	4.76	1	0	grue
sofa	4	4.77	1	0	sofa
pion	4	4.91	1	0	pion
zèle	4	4.92	1	0	zèle
toux	4	4.94	1	0	toux
ravi	4	5.02	1	0	ravi
coût	4	5.04	1	0	coût
aigu	4	5.08	1	0	aigu
obus	4	5.13	1	0	obus
trac	4	5.17	1	0	trac
case	4	5.18	1	0	case
solo	4	5.22	1	0	solo
issu	4	5.24	1	0	issu
mime	4	5.35	1	0	mime
scie	4	5.36	1	0	scie
brin	4	5.38	1	0	brin
nage	4	5.42	1	0	nage
rite	4	5.43	1	0	rite
pieu	4	5.45	1	0	pieu
roux	4	5.52	1	0	roux
aire	4	5.54	1	0	aire
surf	4	5.57	1	0	surf
cire	4	5.59	1	0	cire
gain	4	5.6	1	0	gain
élan	4	5.66	1	0	élan
thon	4	5.88	1	0	thon
exil	4	6.04	1	0	exil
cure	4	6.08	1	0	cure
cape	4	6.25	1	0	cape
aîné	4	6.27	1	0	aîné
rhum	4	6.29	1	0	rhum
maïs	4	6.33	1	0	maïs
écho	4	6.65	1	0	écho
foin	4	6.73	1	0	foin
loto	4	6.75	1	0	loto
rude	4	6.85	1	0	rude
pape	4	7.17	1	0	pape
pâté	4	7.18	1	0	pâté
rien	4	7.26	1	0	rien
suer	4	7.28	1	0	suer
jazz	4	7.38	1	0	jazz
visa	4	7.39	1	0	visa
duel	4	7.54	1	0	duel
cerf	4	7.56	1	0	cerf
naïf	4	7.91	1	0	naïf
rive	4	7.92	1	0	rive
gène	4	8.07	1	0	gène
pois	4	8.09	1	0	pois
flou	4	8.18	1	0	flou
mile	4	8.34	1	0	mile
veuf	4	8.39	1	0	veuf
paie	4	8.4	1	0	paie
tank	4	8.41	1	0	tank
bouc	4	8.49	1	0	bouc
lard	4	8.62	1	0	lard
veau	4	8.66	1	0	veau
clan	4	8.83	1	0	clan
seau	4	9.01	1	0	seau
soit	4	9.02	1	0	soit
futé	4	9.23	1	0	futé
rail	4	9.31	1	0	rail
boxe	4	9.32	1	0	boxe
mule	4	9.62	1	0	mule
mars	4	9.75	1	0	mars
têtu	4	9.78	1	0	têtu
euro	4	9.84	1	0	euro
hall	4	9.9	1	0	hall
ruse	4	9.98	1	0	ruse
jupon	5	3	1	0	jupon
bluff	5	3.02	1	0	bluff
belge	5	3.03	1	0	belge
épice	5	3.06	1	0	épice
régir	5	3.1	1	0	régir
hobby	5	3.11	1	0	hobby
orner	5	3.11	1	0	orner
ruser	5	3.12	1	0	ruser
orgue	5	3.12	1	0	orgue
astre	5	3.13	1	0	astre
banjo	5	3.13	1	0	banjo
aïeul	5	3.13	1	0	aïeul
navet	5	3.16	1	0	navet
galon	5	3.16	1	0	galon
paume	5	3.17	1	0	paume
arche	5	3.19	1	0	arche
gamme	5	3.22	1	0	gamme
sévir	5	3.23	1	0	sévir
inouï	5	3.23	1	0	inouï
saper	5	3.23	1	0	saper
doyen	5	3.31	1	0	doyen
piler	5	3.34	1	0	piler
truie	5	3.35	1	0	truie
guêpe	5	3.37	1	0	guêpe
corse	5	3.37	1	0	corse
tempe	5	3.38	1	0	tempe
guéri	5	3.46	1	0	guéri
river	5	3.47	1	0	river
lisse	5	3.48	1	0	lisse
serbe	5	3.48	1	0	serbe
clone	5	3.49	1	0	clone
morse	5	3.5	1	0	morse
larve	5	3.52	1	0	larve
avide	5	3.52	1	0	avide
ruche	5	3.57	1	0	ruche
venin	5	3.59	1	0	venin
recul	5	3.59	1	0	recul
store	5	3.59	1	0	store
joyau	5	3.6	1	0	joyau
nouer	5	3.61	1	0	nouer
mulet	5	3.67	1	0	mulet
morue	5	3.67	1	0	morue
tract	5	3.67	1	0	tract
trier	5	3.68	1	0	trier
sceau	5	3.72	1	0	sceau
faner	5	3.73	1	0	faner
halte	5	3.77	1	0	halte
mûrir	5	3.77	1	0	mûrir
patin	5	3.77	1	0	patin
maçon	5	3.79	1	0	maçon
zèbre	5	3.8	1	0	zèbre
bonus	5	3.8	1	0	bonus
skier	5	3.81	1	0	skier
gazon	5	3.81	1	0	gazon
gomme	5	3.81	1	0	gomme
bocal	5	3.83	1	0	bocal
sauna	5	3.85	1	0	sauna
tiède	5	3.85	1	0	tiède
répit	5	3.87	1	0	répit
évier	5	3.87	1	0	évier
sujet	5	3.9	1	0	sujet
hutte	5	3.9	1	0	hutte
fente	5	3.93	1	0	fente
tâter	5	3.95	1	0	tâter
opium	5	3.95	1	0	opium
frite	5	3.98	1	0	frite
doter	5	4.08	1	0	doter
noyau	5	4.15	1	0	noyau
sérum	5	4.16	1	0	sérum
fugue	5	4.16	1	0	fugue
caler	5	4.19	1	0	caler
gaver	5	4.19	1	0	gaver
globe	5	4.21	1	0	globe
crête	5	4.23	1	0	crête
cobra	5	4.24	1	0	cobra
poilu	5	4.3	1	0	poilu
firme	5	4.32	1	0	firme
cache	5	4.33	1	0	cache
nappe	5	4.34	1	0	nappe
vache	5	4.38	1	0	vache
short	5	4.42	1	0	short
gifle	5	4.47	1	0	gifle
figer	5	4.49	1	0	figer
bacon	5	4.5	1	0	bacon
latin	5	4.52	1	0	latin
songe	5	4.53	1	0	songe
canot	5	4.58	1	0	canot
vocal	5	4.63	1	0	vocal
cadet	5	4.64	1	0	cadet
enjeu	5	4.67	1	0	enjeu
fossé	5	4.71	1	0	fossé
ancre	5	4.75	1	0	ancre
caser	5	4.76	1	0	caser
duper	5	4.77	1	0	duper
poney	5	4.8	1	0	poney
viril	5	4.82	1	0	viril
pente	5	4.82	1	0	pente
miner	5	4.83	1	0	miner
paroi	5	4.88	1	0	paroi
lever	5	4.92	1	0	lever
épier	5	4.93	1	0	épier
ravin	5	4.93	1	0	ravin
sabot	5	4.95	1	0	sabot
coque	5	5	1	0	coque
norme	5	5	1	0	norme
hibou	5	5.01	1	0	hibou
scier	5	5.01	1	0	scier
secte	5	5.02	1	0	secte
brume	5	5.07	1	0	brume
fléau	5	5.1	1	0	fléau
poêle	5	5.12	1	0	poêle
pépin	5	5.15	1	0	pépin
chêne	5	5.17	1	0	chêne
cargo	5	5.17	1	0	cargo
bille	5	5.21	1	0	bille
serre	5	5.28	1	0	serre
scoop	5	5.29	1	0	scoop
ramer	5	5.37	1	0	ramer
culte	5	5.37	1	0	culte
idole	5	5.43	1	0	idole
alias	5	5.45	1	0	alias
seuil	5	5.49	1	0	seuil
valse	5	5.55	1	0	valse
flanc	5	5.57	1	0	flanc
filon	5	5.61	1	0	filon
hâter	5	5.63	1	0	hâter
brise	5	5.63	1	0	brise
stock	5	5.66	1	0	stock
chiot	5	5.67	1	0	chiot
urine	5	5.72	1	0	urine
atout	5	5.74	1	0	atout
sirop	5	5.75	1	0	sirop
purée	5	5.75	1	0	purée
rampe	5	5.76	1	0	rampe
rôder	5	5.76	1	0	rôder
biche	5	5.8	1	0	biche
craie	5	5.8	1	0	craie
épine	5	5.81	1	0	épine
roche	5	5.81	1	0	roche
tronc	5	5.81	1	0	tronc
dépit	5	5.82	1	0	dépit
gober	5	5.9	1	0	gober
creux	5	5.9	1	0	creux
score	5	5.92	1	0	score
volet	5	5.93	1	0	volet
abîme	5	6.01	1	0	abîme
gilet	5	6.06	1	0	gilet
moule	5	6.12	1	0	moule
bilan	5	6.13	1	0	bilan
stage	5	6.16	1	0	stage
sobre	5	6.18	1	0	sobre
hymne	5	6.25	1	0	hymne
tarif	5	6.26	1	0	tarif
guise	5	6.26	1	0	guise
mythe	5	6.26	1	0	mythe
marée	5	6.31	1	0	marée
sonde	5	6.31	1	0	sonde
butin	5	6.35	1	0	butin
béton	5	6.41	1	0	béton
laine	5	6.41	1	0	laine
cirer	5	6.42	1	0	cirer
grade	5	6.44	1	0	grade
delta	5	6.59	1	0	delta
râler	5	6.61	1	0	râler
néant	5	6.62	1	0	néant
manie	5	6.63	1	0	manie
frire	5	6.63	1	0	frire
lueur	5	6.65	1	0	lueur
fibre	5	6.65	1	0	fibre
trêve	5	6.69	1	0	trêve
appât	5	6.74	1	0	appât
solde	5	6.76	1	0	solde
extra	5	6.78	1	0	extra
encre	5	6.81	1	0	encre
vigne	5	6.87	1	0	vigne
batte	5	6.87	1	0	batte
vouer	5	6.88	1	0	vouer
rimer	5	6.89	1	0	rimer
aigle	5	6.9	1	0	aigle
sapin	5	6.91	1	0	sapin
sabre	5	6.95	1	0	sabre
pique	5	6.95	1	0	pique
marin	5	7	1	0	marin
égout	5	7.01	1	0	égout
muter	5	7.04	1	0	muter
minet	5	7.09	1	0	minet
étang	5	7.1	1	0	étang
melon	5	7.11	1	0	melon
badge	5	7.14	1	0	badge
bosse	5	7.24	1	0	bosse
cygne	5	7.26	1	0	cygne
pacha	5	7.28	1	0	pacha
règne	5	7.32	1	0	règne
figue	5	7.38	1	0	figue
élite	5	7.38	1	0	élite
rayer	5	7.42	1	0	rayer
épave	5	7.5	1	0	épave
poire	5	7.58	1	0	poire
saler	5	7.6	1	0	saler
vêtir	5	7.67	1	0	vêtir
excès	5	7.67	1	0	excès
clore	5	7.75	1	0	clore
péril	5	7.76	1	0	péril
raide	5	7.76	1	0	raide
bidon	5	7.78	1	0	bidon
corne	5	7.79	1	0	corne
tyran	5	7.79	1	0	tyran
nuque	5	7.8	1	0	nuque
laser	5	7.87	1	0	laser
fosse	5	7.92	1	0	fosse
malle	5	7.96	1	0	malle
oubli	5	8.02	1	0	oubli
colle	5	8.11	1	0	colle
bulle	5	8.11	1	0	bulle
pacte	5	8.12	1	0	pacte
crabe	5	8.14	1	0	crabe
relax	5	8.16	1	0	relax
rhume	5	8.17	1	0	rhume
cycle	5	8.2	1	0	cycle
autel	5	8.27	1	0	autel
minus	5	8.35	1	0	minus
borne	5	8.35	1	0	borne
bazar	5	8.36	1	0	bazar
bijou	5	8.37	1	0	bijou
décor	5	8.38	1	0	décor
crêpe	5	8.44	1	0	crêpe
nonne	5	8.46	1	0	nonne
ruban	5	8.49	1	0	ruban
fouet	5	8.56	1	0	fouet
banal	5	8.66	1	0	banal
tripe	5	8.75	1	0	tripe
appui	5	8.81	1	0	appui
ouest	5	8.81	1	0	ouest
lover	5	8.85	1	0	lover
météo	5	8.9	1	0	météo
bravo	5	8.93	1	0	bravo
pince	5	9	1	0	pince
refus	5	9.02	1	0	refus
égard	5	9.19	1	0	égard
gémir	5	9.19	1	0	gémir
dinde	5	9.32	1	0	dinde
farce	5	9.35	1	0	farce
polir	5	9.45	1	0	polir
culot	5	9.73	1	0	culot
achat	5	9.75	1	0	achat
mèche	5	9.87	1	0	mèche
récit	5	9.89	1	0	récit
vague	5	9.9	1	0	vague
épeler	6	3	1	0	épeler
cigale	6	3	1	0	cigale
chacal	6	3.02	1	0	chacal
gaufre	6	3.03	1	0	gaufre
dévier	6	3.04	1	0	dévier
foetus	6	3.06	1	0	foetus
fouler	6	3.06	1	0	fouler
urbain	6	3.06	1	0	urbain
tramer	6	3.06	1	0	tramer
entité	6	3.08	1	0	entité
abolir	6	3.08	1	0	abolir
étoffe	6	3.1	1	0	étoffe
brevet	6	3.1	1	0	brevet
porche	6	3.1	1	0	porche
béguin	6	3.11	1	0	béguin
dément	6	3.12	1	0	dément
verger	6	3.13	1	0	verger
donjon	6	3.14	1	0	donjon
asthme	6	3.14	1	0	asthme
sommer	6	3.17	1	0	sommer
tuerie	6	3.17	1	0	tuerie
dépens	6	3.19	1	0	dépens
souder	6	3.2	1	0	souder
braver	6	3.2	1	0	braver
oracle	6	3.21	1	0	oracle
augure	6	3.21	1	0	augure
hormis	6	3.23	1	0	hormis
rigide	6	3.27	1	0	rigide
radeau	6	3.27	1	0	radeau
chevet	6	3.27	1	0	chevet
étirer	6	3.28	1	0	étirer
tourne	6	3.28	1	0	tourne
cubain	6	3.28	1	0	cubain
potage	6	3.28	1	0	potage
crasse	6	3.29	1	0	crasse
rituel	6	3.29	1	0	rituel
bouffe	6	3.31	1	0	bouffe
hideux	6	3.31	1	0	hideux
sonder	6	3.31	1	0	sonder
séisme	6	3.31	1	0	séisme
vessie	6	3.34	1	0	vessie
astuce	6	3.36	1	0	astuce
cloche	6	3.36	1	0	cloche
danois	6	3.37	1	0	danois
lavabo	6	3.38	1	0	lavabo
hausse	6	3.38	1	0	hausse
farcir	6	3.39	1	0	farcir
narine	6	3.41	1	0	narine
ragoût	6	3.44	1	0	ragoût
levier	6	3.46	1	0	levier
palier	6	3.47	1	0	palier
clause	6	3.47	1	0	clause
pétale	6	3.47	1	0	pétale
cierge	6	3.5	1	0	cierge
girafe	6	3.5	1	0	girafe
calife	6	3.51	1	0	calife
trèfle	6	3.52	1	0	trèfle
repère	6	3.52	1	0	repère
broder	6	3.52	1	0	broder
saveur	6	3.52	1	0	saveur
flaque	6	3.53	1	0	flaque
ration	6	3.54	1	0	ration
lycéen	6	3.55	1	0	lycéen
rafler	6	3.56	1	0	rafler
berner	6	3.56	1	0	berner
aumône	6	3.57	1	0	aumône
yaourt	6	3.58	1	0	yaourt
couver	6	3.59	1	0	couver
revers	6	3.6	1	0	revers
infect	6	3.61	1	0	infect
thorax	6	3.62	1	0	thorax
bobine	6	3.63	1	0	bobine
restau	6	3.65	1	0	restau
truite	6	3.65	1	0	truite
extase	6	3.67	1	0	extase
trompe	6	3.67	1	0	trompe
cachot	6	3.67	1	0	cachot
frimer	6	3.67	1	0	frimer
aurore	6	3.68	1	0	aurore
traire	6	3.69	1	0	traire
labeur	6	3.73	1	0	labeur
puéril	6	3.73	1	0	puéril
conter	6	3.76	1	0	conter
milice	6	3.77	1	0	milice
archer	6	3.77	1	0	archer
border	6	3.78	1	0	border
poivre	6	3.8	1	0	poivre
pilier	6	3.82	1	0	pilier
bûcher	6	3.82	1	0	bûcher
brèche	6	3.83	1	0	brèche
moisir	6	3.85	1	0	moisir
frémir	6	3.86	1	0	frémir
porter	6	3.87	1	0	porter
sphère	6	3.9	1	0	sphère
crèche	6	3.91	1	0	crèche
coquin	6	3.92	1	0	coquin
lustre	6	3.92	1	0	lustre
abbaye	6	3.94	1	0	abbaye
consul	6	3.95	1	0	consul
pantin	6	3.96	1	0	pantin
savant	6	3.99	1	0	savant
passif	6	4	1	0	passif
mutuel	6	4	1	0	mutuel
huître	6	4	1	0	huître
cavale	6	4	1	0	cavale
limace	6	4.01	1	0	limace
coyote	6	4.01	1	0	coyote
schéma	6	4.03	1	0	schéma
lancer	6	4.04	1	0	lancer
amiral	6	4.04	1	0	amiral
décret	6	4.06	1	0	décret
broyer	6	4.08	1	0	broyer
motard	6	4.1	1	0	motard
moteur	6	4.17	1	0	moteur
taudis	6	4.17	1	0	taudis
fracas	6	4.17	1	0	fracas
sonore	6	4.17	1	0	sonore
souple	6	4.22	1	0	souple
moelle	6	4.23	1	0	moelle
argile	6	4.26	1	0	argile
cobaye	6	4.27	1	0	cobaye
trouer	6	4.27	1	0	trouer
tampon	6	4.28	1	0	tampon
lièvre	6	4.3	1	0	lièvre
pioche	6	4.36	1	0	pioche
chalet	6	4.38	1	0	chalet
violet	6	4.38	1	0	violet
pointu	6	4.38	1	0	pointu
gratis	6	4.39	1	0	gratis
chaton	6	4.41	1	0	chaton
frôler	6	4.45	1	0	frôler
canyon	6	4.45	1	0	canyon
rincer	6	4.46	1	0	rincer
damner	6	4.46	1	0	damner
bercer	6	4.46	1	0	bercer
festin	6	4.5	1	0	festin
filtre	6	4.54	1	0	filtre
suture	6	4.54	1	0	suture
fiscal	6	4.54	1	0	fiscal
broche	6	4.57	1	0	broche
injure	6	4.58	1	0	injure
tuteur	6	4.6	1	0	tuteur
façade	6	4.6	1	0	façade
clarté	6	4.62	1	0	clarté
orange	6	4.62	1	0	orange
agonie	6	4.68	1	0	agonie
trauma	6	4.69	1	0	trauma
ulcère	6	4.69	1	0	ulcère
faille	6	4.71	1	0	faille
vibrer	6	4.73	1	0	vibrer
piment	6	4.76	1	0	piment
défunt	6	4.79	1	0	défunt
mobile	6	4.8	1	0	mobile
puzzle	6	4.81	1	0	puzzle
vipère	6	4.84	1	0	vipère
bavard	6	4.85	1	0	bavard
palace	6	4.85	1	0	palace
famine	6	4.88	1	0	famine
souche	6	4.93	1	0	souche
flacon	6	4.93	1	0	flacon
débris	6	4.94	1	0	débris
salive	6	4.94	1	0	salive
triple	6	4.94	1	0	triple
pignon	6	4.94	1	0	pignon
égaler	6	4.96	1	0	égaler
slogan	6	4.96	1	0	slogan
homard	6	4.96	1	0	homard
épater	6	4.96	1	0	épater
léguer	6	4.98	1	0	léguer
mâcher	6	5	1	0	mâcher
suisse	6	5.01	1	0	suisse
bassin	6	5.03	1	0	bassin
zombie	6	5.04	1	0	zombie
pudeur	6	5.08	1	0	pudeur
loisir	6	5.09	1	0	loisir
parade	6	5.1	1	0	parade
bondir	6	5.1	1	0	bondir
bouder	6	5.11	1	0	bouder
audace	6	5.12	1	0	audace
artère	6	5.13	1	0	artère
neutre	6	5.15	1	0	neutre
sortir	6	5.16	1	0	sortir
poteau	6	5.17	1	0	poteau
trappe	6	5.18	1	0	trappe
crampe	6	5.18	1	0	crampe
gaffer	6	5.2	1	0	gaffer
cordon	6	5.21	1	0	cordon
serein	6	5.22	1	0	serein
pomper	6	5.24	1	0	pomper
verrou	6	5.28	1	0	verrou
chimie	6	5.29	1	0	chimie
marron	6	5.33	1	0	marron
étable	6	5.37	1	0	étable
galant	6	5.39	1	0	galant
pondre	6	5.41	1	0	pondre
plâtre	6	5.42	1	0	plâtre
ghetto	6	5.42	1	0	ghetto
contre	6	5.43	1	0	contre
armure	6	5.46	1	0	armure
purger	6	5.46	1	0	purger
rivage	6	5.46	1	0	rivage
estime	6	5.49	1	0	estime
chuter	6	5.5	1	0	chuter
volcan	6	5.5	1	0	volcan
menthe	6	5.51	1	0	menthe
nature	6	5.52	1	0	nature
paysan	6	5.54	1	0	paysan
fraude	6	5.54	1	0	fraude
devise	6	5.54	1	0	devise
klaxon	6	5.55	1	0	klaxon
avenue	6	5.58	1	0	avenue
ingrat	6	5.61	1	0	ingrat
manger	6	5.62	1	0	manger
tantôt	6	5.62	1	0	tantôt
cuivre	6	5.64	1	0	cuivre
hangar	6	5.65	1	0	hangar
jumeau	6	5.68	1	0	jumeau
blouse	6	5.68	1	0	blouse
masser	6	5.69	1	0	masser
manier	6	5.7	1	0	manier
évêque	6	5.7	1	0	évêque
manuel	6	5.7	1	0	manuel
gendre	6	5.71	1	0	gendre
ciment	6	5.75	1	0	ciment
annuel	6	5.78	1	0	annuel
notion	6	5.79	1	0	notion
gramme	6	5.81	1	0	gramme
truand	6	5.82	1	0	truand
agenda	6	5.84	1	0	agenda
square	6	5.89	1	0	square
chauve	6	5.92	1	0	chauve
manège	6	5.92	1	0	manège
faucon	6	5.93	1	0	faucon
décent	6	5.95	1	0	décent
dégoût	6	6.02	1	0	dégoût
campus	6	6.04	1	0	campus
résolu	6	6.05	1	0	résolu
ironie	6	6.05	1	0	ironie
manoir	6	6.08	1	0	manoir
réussi	6	6.11	1	0	réussi
perche	6	6.11	1	0	perche
douane	6	6.12	1	0	douane
statut	6	6.13	1	0	statut
camper	6	6.16	1	0	camper
lézard	6	6.16	1	0	lézard
délice	6	6.17	1	0	délice
étalon	6	6.2	1	0	étalon
gâchis	6	6.24	1	0	gâchis
rigolo	6	6.25	1	0	rigolo
ruelle	6	6.25	1	0	ruelle
tueuse	6	6.26	1	0	tueuse
animer	6	6.28	1	0	animer
caviar	6	6.29	1	0	caviar
relire	6	6.31	1	0	relire
corvée	6	6.32	1	0	corvée
animal	6	6.33	1	0	animal
féroce	6	6.33	1	0	féroce
agacer	6	6.35	1	0	agacer
étaler	6	6.36	1	0	étaler
office	6	6.37	1	0	office
exquis	6	6.38	1	0	exquis
emplir	6	6.4	1	0	emplir
reflet	6	6.41	1	0	reflet
habile	6	6.44	1	0	habile
script	6	6.45	1	0	script
gérant	6	6.45	1	0	gérant
souper	6	6.48	1	0	souper
volume	6	6.48	1	0	volume
gibier	6	6.5	1	0	gibier
nausée	6	6.51	1	0	nausée
tacher	6	6.54	1	0	tacher
vaccin	6	6.54	1	0	vaccin
menton	6	6.58	1	0	menton
renard	6	6.66	1	0	renard
bonnir	6	6.67	1	0	bonnir
jument	6	6.67	1	0	jument
visuel	6	6.71	1	0	visuel
émeute	6	6.75	1	0	émeute
gifler	6	6.77	1	0	gifler
pureté	6	6.77	1	0	pureté
peigne	6	6.81	1	0	peigne
détour	6	6.82	1	0	détour
écurie	6	6.88	1	0	écurie
claque	6	6.88	1	0	claque
renier	6	6.88	1	0	renier
marais	6	6.91	1	0	marais
buffet	6	6.93	1	0	buffet
cahier	6	6.98	1	0	cahier
choeur	6	7	1	0	choeur
brebis	6	7.02	1	0	brebis
bannir	6	7.03	1	0	bannir
module	6	7.03	1	0	module
déchet	6	7.04	1	0	déchet
sûreté	6	7.04	1	0	sûreté
ardeur	6	7.08	1	0	ardeur
relais	6	7.09	1	0	relais
éponge	6	7.11	1	0	éponge
glacer	6	7.21	1	0	glacer
climat	6	7.21	1	0	climat
marine	6	7.26	1	0	marine
énigme	6	7.29	1	0	énigme
marbre	6	7.31	1	0	marbre
grange	6	7.33	1	0	grange
glaçon	6	7.4	1	0	glaçon
aboyer	6	7.43	1	0	aboyer
lasser	6	7.43	1	0	lasser
clouer	6	7.52	1	0	clouer
subtil	6	7.54	1	0	subtil
préfet	6	7.56	1	0	préfet
sermon	6	7.61	1	0	sermon
louche	6	7.63	1	0	louche
peiner	6	7.65	1	0	peiner
strict	6	7.66	1	0	strict
expert	6	7.66	1	0	expert
piller	6	7.66	1	0	piller
infâme	6	7.71	1	0	infâme
balade	6	7.71	1	0	balade
cerner	6	7.74	1	0	cerner
trajet	6	7.74	1	0	trajet
moulin	6	7.75	1	0	moulin
cochon	6	7.76	1	0	cochon
fendre	6	7.76	1	0	fendre
soupir	6	7.85	1	0	soupir
timbre	6	7.86	1	0	timbre
planer	6	7.86	1	0	planer
neiger	6	7.87	1	0	neiger
fureur	6	7.87	1	0	fureur
farine	6	7.95	1	0	farine
tumeur	6	7.96	1	0	tumeur
mineur	6	8.01	1	0	mineur
vapeur	6	8.02	1	0	vapeur
désert	6	8.02	1	0	désert
copier	6	8.07	1	0	copier
torche	6	8.09	1	0	torche
hisser	6	8.09	1	0	hisser
pyjama	6	8.11	1	0	pyjama
griffe	6	8.11	1	0	griffe
alerte	6	8.12	1	0	alerte
boulot	6	8.21	1	0	boulot
grippe	6	8.22	1	0	grippe
bonnet	6	8.37	1	0	bonnet
refuge	6	8.38	1	0	refuge
dicter	6	8.42	1	0	dicter
brosse	6	8.43	1	0	brosse
ardent	6	8.43	1	0	ardent
maître	6	8.45	1	0	maître
mérite	6	8.49	1	0	mérite
ultime	6	8.56	1	0	ultime
pousse	6	8.57	1	0	pousse
odieux	6	8.59	1	0	odieux
redire	6	8.61	1	0	redire
miette	6	8.68	1	0	miette
dédier	6	8.69	1	0	dédier
ciseau	6	8.72	1	0	ciseau
basque	6	8.73	1	0	basque
volant	6	8.78	1	0	volant
favori	6	8.79	1	0	favori
coudre	6	8.88	1	0	coudre
hanche	6	8.9	1	0	hanche
rougir	6	9.01	1	0	rougir
forger	6	9.02	1	0	forger
moitié	6	9.2	1	0	moitié
choisi	6	9.22	1	0	choisi
avérer	6	9.26	1	0	avérer
escroc	6	9.27	1	0	escroc
amende	6	9.37	1	0	amende
blâmer	6	9.38	1	0	blâmer
convoi	6	9.39	1	0	convoi
raisin	6	9.4	1	0	raisin
surfer	6	9.4	1	0	surfer
argent	6	9.41	1	0	argent
jambon	6	9.43	1	0	jambon
sévère	6	9.47	1	0	sévère
impact	6	9.54	1	0	impact
sieste	6	9.58	1	0	sieste
fourmi	6	9.61	1	0	fourmi
orteil	6	9.71	1	0	orteil
bétail	6	9.71	1	0	bétail
aviser	6	9.77	1	0	aviser
orbite	6	9.81	1	0	orbite
pécher	6	9.87	1	0	pécher
amical	6	9.88	1	0	amical
capter	6	9.89	1	0	capter
capture	7	3	1	0	capture
compote	7	3.01	1	0	compote
grogner	7	3.01	1	0	grogner
référer	7	3.02	1	0	référer
taverne	7	3.02	1	0	taverne
détroit	7	3.04	1	0	détroit
décoder	7	3.04	1	0	décoder
enrôler	7	3.04	1	0	enrôler
enivrer	7	3.06	1	0	enivrer
anxiété	7	3.06	1	0	anxiété
louange	7	3.06	1	0	louange
libéral	7	3.07	1	0	libéral
étriper	7	3.07	1	0	étriper
emprise	7	3.08	1	0	emprise
hameçon	7	3.08	1	0	hameçon
moisson	7	3.08	1	0	moisson
artisan	7	3.09	1	0	artisan
caillot	7	3.09	1	0	caillot
grouper	7	3.1	1	0	grouper
réforme	7	3.1	1	0	réforme
romance	7	3.12	1	0	romance
hospice	7	3.12	1	0	hospice
épargne	7	3.13	1	0	épargne
frousse	7	3.13	1	0	frousse
galoper	7	3.14	1	0	galoper
émigrer	7	3.15	1	0	émigrer
sacoche	7	3.16	1	0	sacoche
fertile	7	3.17	1	0	fertile
carbone	7	3.18	1	0	carbone
fresque	7	3.18	1	0	fresque
repaire	7	3.19	1	0	repaire
marmite	7	3.21	1	0	marmite
cigogne	7	3.22	1	0	cigogne
fusible	7	3.23	1	0	fusible
mouette	7	3.24	1	0	mouette
lugubre	7	3.25	1	0	lugubre
globule	7	3.25	1	0	globule
châtier	7	3.25	1	0	châtier
édifice	7	3.25	1	0	édifice
volupté	7	3.27	1	0	volupté
adoucir	7	3.27	1	0	adoucir
griffer	7	3.28	1	0	griffer
adéquat	7	3.28	1	0	adéquat
session	7	3.29	1	0	session
guignol	7	3.29	1	0	guignol
décimer	7	3.3	1	0	décimer
bistrot	7	3.3	1	0	bistrot
écolier	7	3.32	1	0	écolier
garanti	7	3.33	1	0	garanti
clément	7	3.36	1	0	clément
collant	7	3.37	1	0	collant
polluer	7	3.38	1	0	polluer
devenir	7	3.38	1	0	devenir
potence	7	3.4	1	0	potence
murmure	7	3.4	1	0	murmure
goudron	7	3.4	1	0	goudron
variété	7	3.42	1	0	variété
mosquée	7	3.43	1	0	mosquée
poulain	7	3.46	1	0	poulain
reptile	7	3.46	1	0	reptile
vacarme	7	3.46	1	0	vacarme
amasser	7	3.46	1	0	amasser
dégoter	7	3.47	1	0	dégoter
distant	7	3.48	1	0	distant
concret	7	3.48	1	0	concret
torchon	7	3.48	1	0	torchon
retaper	7	3.5	1	0	retaper
fausser	7	3.51	1	0	fausser
rejouer	7	3.51	1	0	rejouer
rebours	7	3.52	1	0	rebours
externe	7	3.53	1	0	externe
oeillet	7	3.53	1	0	oeillet
stocker	7	3.54	1	0	stocker
bafouer	7	3.54	1	0	bafouer
sorcier	7	3.54	1	0	sorcier
instant	7	3.55	1	0	instant
critère	7	3.55	1	0	critère
ivresse	7	3.56	1	0	ivresse
pendant	7	3.56	1	0	pendant
déjouer	7	3.58	1	0	déjouer
initier	7	3.59	1	0	initier
vigueur	7	3.61	1	0	vigueur
gracier	7	3.62	1	0	gracier
scooter	7	3.62	1	0	scooter
amputer	7	3.62	1	0	amputer
barbier	7	3.62	1	0	barbier
pharaon	7	3.63	1	0	pharaon
léopard	7	3.64	1	0	léopard
méfiant	7	3.64	1	0	méfiant
alléger	7	3.65	1	0	alléger
ravager	7	3.65	1	0	ravager
crucial	7	3.66	1	0	crucial
emprunt	7	3.66	1	0	emprunt
douille	7	3.67	1	0	douille
acompte	7	3.67	1	0	acompte
suédois	7	3.67	1	0	suédois
teindre	7	3.71	1	0	teindre
émerger	7	3.73	1	0	émerger
masquer	7	3.74	1	0	masquer
partage	7	3.74	1	0	partage
sixième	7	3.77	1	0	sixième
minimum	7	3.77	1	0	minimum
guichet	7	3.81	1	0	guichet
glacial	7	3.81	1	0	glacial
entrain	7	3.82	1	0	entrain
gouffre	7	3.84	1	0	gouffre
vétéran	7	3.84	1	0	vétéran
déraper	7	3.85	1	0	déraper
frayeur	7	3.86	1	0	frayeur
sardine	7	3.88	1	0	sardine
éblouir	7	3.88	1	0	éblouir
morbide	7	3.92	1	0	morbide
pupille	7	3.92	1	0	pupille
fleurir	7	3.95	1	0	fleurir
baratin	7	4.03	1	0	baratin
pèlerin	7	4.04	1	0	pèlerin
kiosque	7	4.05	1	0	kiosque
fanfare	7	4.07	1	0	fanfare
mendier	7	4.07	1	0	mendier
mélodie	7	4.08	1	0	mélodie
semelle	7	4.1	1	0	semelle
sensuel	7	4.1	1	0	sensuel
lâcheté	7	4.17	1	0	lâcheté
citerne	7	4.19	1	0	citerne
camping	7	4.2	1	0	camping
minéral	7	4.2	1	0	minéral
peluche	7	4.21	1	0	peluche
abréger	7	4.21	1	0	abréger
couvert	7	4.22	1	0	couvert
tatouer	7	4.22	1	0	tatouer
meeting	7	4.23	1	0	meeting
cantine	7	4.23	1	0	cantine
trouble	7	4.24	1	0	trouble
spectre	7	4.25	1	0	spectre
traître	7	4.27	1	0	traître
dériver	7	4.28	1	0	dériver
enfouir	7	4.3	1	0	enfouir
velours	7	4.31	1	0	velours
nombril	7	4.34	1	0	nombril
tonneau	7	4.37	1	0	tonneau
coussin	7	4.41	1	0	coussin
daigner	7	4.41	1	0	daigner
banquet	7	4.41	1	0	banquet
cascade	7	4.41	1	0	cascade
hygiène	7	4.42	1	0	hygiène
enlacer	7	4.42	1	0	enlacer
parquet	7	4.43	1	0	parquet
foulard	7	4.44	1	0	foulard
éjecter	7	4.46	1	0	éjecter
flairer	7	4.47	1	0	flairer
ligoter	7	4.49	1	0	ligoter
grimace	7	4.5	1	0	grimace
ballade	7	4.54	1	0	ballade
palmier	7	4.57	1	0	palmier
peupler	7	4.58	1	0	peupler
pinceau	7	4.59	1	0	pinceau
truquer	7	4.62	1	0	truquer
routier	7	4.63	1	0	routier
céréale	7	4.67	1	0	céréale
aliment	7	4.67	1	0	aliment
hormone	7	4.69	1	0	hormone
notaire	7	4.69	1	0	notaire
virgule	7	4.69	1	0	virgule
coriace	7	4.7	1	0	coriace
cynique	7	4.7	1	0	cynique
dauphin	7	4.71	1	0	dauphin
dévouer	7	4.71	1	0	dévouer
athlète	7	4.75	1	0	athlète
pendule	7	4.78	1	0	pendule
pelouse	7	4.79	1	0	pelouse
croître	7	4.79	1	0	croître
flamber	7	4.8	1	0	flamber
cabaret	7	4.82	1	0	cabaret
baptême	7	4.84	1	0	baptême
abandon	7	4.84	1	0	abandon
élargir	7	4.85	1	0	élargir
comique	7	4.86	1	0	comique
rigueur	7	4.87	1	0	rigueur
monstre	7	4.88	1	0	monstre
ajuster	7	4.88	1	0	ajuster
smoking	7	4.9	1	0	smoking
gagnant	7	4.94	1	0	gagnant
résider	7	4.95	1	0	résider
commode	7	4.96	1	0	commode
funeste	7	4.97	1	0	funeste
tablier	7	4.98	1	0	tablier
liqueur	7	5	1	0	liqueur
fouille	7	5	1	0	fouille
glacier	7	5	1	0	glacier
étagère	7	5.06	1	0	étagère
partant	7	5.07	1	0	partant
bronzer	7	5.1	1	0	bronzer
implant	7	5.11	1	0	implant
brigand	7	5.14	1	0	brigand
écharpe	7	5.14	1	0	écharpe
toxique	7	5.2	1	0	toxique
soprano	7	5.21	1	0	soprano
croquer	7	5.23	1	0	croquer
idiotie	7	5.27	1	0	idiotie
poindre	7	5.28	1	0	poindre
dortoir	7	5.29	1	0	dortoir
caresse	7	5.32	1	0	caresse
aboutir	7	5.34	1	0	aboutir
brandir	7	5.4	1	0	brandir
avorter	7	5.43	1	0	avorter
simuler	7	5.46	1	0	simuler
portant	7	5.46	1	0	portant
détente	7	5.47	1	0	détente
relaxer	7	5.48	1	0	relaxer
méditer	7	5.49	1	0	méditer
motiver	7	5.5	1	0	motiver
sombrer	7	5.51	1	0	sombrer
couture	7	5.52	1	0	couture
fouiner	7	5.54	1	0	fouiner
épingle	7	5.57	1	0	épingle
carnage	7	5.59	1	0	carnage
sceller	7	5.62	1	0	sceller
parlant	7	5.62	1	0	parlant
moineau	7	5.65	1	0	moineau
charmer	7	5.69	1	0	charmer
capsule	7	5.69	1	0	capsule
maigrir	7	5.7	1	0	maigrir
corbeau	7	5.72	1	0	corbeau
sentier	7	5.72	1	0	sentier
évaluer	7	5.75	1	0	évaluer
jaillir	7	5.79	1	0	jaillir
digérer	7	5.8	1	0	digérer
maximum	7	5.8	1	0	maximum
cruauté	7	5.8	1	0	cruauté
prodige	7	5.83	1	0	prodige
sourcil	7	5.85	1	0	sourcil
falaise	7	5.85	1	0	falaise
vénérer	7	5.86	1	0	vénérer
bruyant	7	5.88	1	0	bruyant
robinet	7	5.89	1	0	robinet
vautour	7	5.89	1	0	vautour
feindre	7	5.92	1	0	feindre
affoler	7	5.92	1	0	affoler
rouleau	7	5.93	1	0	rouleau
rebelle	7	5.95	1	0	rebelle
languir	7	5.99	1	0	languir
épatant	7	5.99	1	0	épatant
clôture	7	6	1	0	clôture
microbe	7	6	1	0	microbe
confort	7	6.02	1	0	confort
ouragan	7	6.05	1	0	ouragan
expirer	7	6.06	1	0	expirer
gorille	7	6.06	1	0	gorille
ouvrier	7	6.07	1	0	ouvrier
chiffon	7	6.11	1	0	chiffon
enrager	7	6.13	1	0	enrager
saboter	7	6.25	1	0	saboter
tutoyer	7	6.25	1	0	tutoyer
équiper	7	6.27	1	0	équiper
bluffer	7	6.3	1	0	bluffer
morsure	7	6.31	1	0	morsure
inciter	7	6.32	1	0	inciter
sordide	7	6.37	1	0	sordide
alerter	7	6.4	1	0	alerter
rizière	7	6.45	1	0	rizière
fiction	7	6.46	1	0	fiction
brûlure	7	6.47	1	0	brûlure
céleste	7	6.48	1	0	céleste
caverne	7	6.58	1	0	caverne
ronfler	7	6.62	1	0	ronfler
affamer	7	6.62	1	0	affamer
biberon	7	6.65	1	0	biberon
révolte	7	6.66	1	0	révolte
enchère	7	6.67	1	0	enchère
inonder	7	6.69	1	0	inonder
irriter	7	6.7	1	0	irriter
doucher	7	6.75	1	0	doucher
rouvrir	7	6.76	1	0	rouvrir
replier	7	6.78	1	0	replier
capital	7	6.78	1	0	capital
exaucer	7	6.8	1	0	exaucer
saouler	7	6.84	1	0	saouler
combine	7	6.84	1	0	combine
vitrine	7	6.84	1	0	vitrine
colombe	7	6.84	1	0	colombe
tournoi	7	6.86	1	0	tournoi
tranche	7	6.95	1	0	tranche
ressort	7	6.95	1	0	ressort
impasse	7	6.95	1	0	impasse
sottise	7	6.97	1	0	sottise
costaud	7	6.98	1	0	costaud
mijoter	7	6.98	1	0	mijoter
trophée	7	7.02	1	0	trophée
roulant	7	7.03	1	0	roulant
matelot	7	7.04	1	0	matelot
berceau	7	7.05	1	0	berceau
stérile	7	7.07	1	0	stérile
déduire	7	7.08	1	0	déduire
dépense	7	7.11	1	0	dépense
centime	7	7.14	1	0	centime
blouson	7	7.15	1	0	blouson
dérober	7	7.15	1	0	dérober
peloton	7	7.15	1	0	peloton
rancune	7	7.2	1	0	rancune
antique	7	7.21	1	0	antique
définir	7	7.22	1	0	définir
bouchon	7	7.25	1	0	bouchon
loterie	7	7.25	1	0	loterie
escorte	7	7.28	1	0	escorte
dessein	7	7.29	1	0	dessein
vermine	7	7.31	1	0	vermine
calibre	7	7.32	1	0	calibre
anormal	7	7.4	1	0	anormal
toucher	7	7.41	1	0	toucher
freiner	7	7.43	1	0	freiner
entamer	7	7.44	1	0	entamer
offense	7	7.45	1	0	offense
résumer	7	7.48	1	0	résumer
poussin	7	7.5	1	0	poussin
régaler	7	7.54	1	0	régaler
fardeau	7	7.56	1	0	fardeau
caleçon	7	7.58	1	0	caleçon
arbitre	7	7.59	1	0	arbitre
barreau	7	7.61	1	0	barreau
brosser	7	7.65	1	0	brosser
ampoule	7	7.66	1	0	ampoule
liquide	7	7.7	1	0	liquide
buisson	7	7.73	1	0	buisson
coffrer	7	7.75	1	0	coffrer
coucher	7	7.8	1	0	coucher
aligner	7	7.8	1	0	aligner
prêcher	7	7.82	1	0	prêcher
billard	7	7.84	1	0	billard
abriter	7	7.92	1	0	abriter
advenir	7	7.94	1	0	advenir
légiste	7	7.97	1	0	légiste
maudire	7	7.97	1	0	maudire
haleine	7	8	1	0	haleine
exploit	7	8	1	0	exploit
martial	7	8.02	1	0	martial
février	7	8.03	1	0	février
finance	7	8.03	1	0	finance
éduquer	7	8.07	1	0	éduquer
funèbre	7	8.07	1	0	funèbre
carreau	7	8.1	1	0	carreau
ignoble	7	8.11	1	0	ignoble
inclure	7	8.12	1	0	inclure
égoïste	7	8.13	1	0	égoïste
balance	7	8.19	1	0	balance
réviser	7	8.21	1	0	réviser
portier	7	8.23	1	0	portier
boucher	7	8.26	1	0	boucher
licence	7	8.27	1	0	licence
dépêche	7	8.29	1	0	dépêche
janvier	7	8.34	1	0	janvier
hôtesse	7	8.34	1	0	hôtesse
décéder	7	8.38	1	0	décéder
coiffer	7	8.38	1	0	coiffer
rupture	7	8.39	1	0	rupture
intense	7	8.45	1	0	intense
rédiger	7	8.49	1	0	rédiger
lessive	7	8.51	1	0	lessive
apaiser	7	8.52	1	0	apaiser
guetter	7	8.52	1	0	guetter
décorer	7	8.54	1	0	décorer
hostile	7	8.56	1	0	hostile
scanner	7	8.56	1	0	scanner
accéder	7	8.58	1	0	accéder
portail	7	8.61	1	0	portail
frisson	7	8.62	1	0	frisson
verdict	7	8.63	1	0	verdict
concept	7	8.66	1	0	concept
beignet	7	8.69	1	0	beignet
fourgon	7	8.69	1	0	fourgon
faculté	7	8.73	1	0	faculté
gronder	7	8.74	1	0	gronder
trousse	7	8.79	1	0	trousse
sanguin	7	8.84	1	0	sanguin
haricot	7	8.85	1	0	haricot
caprice	7	8.94	1	0	caprice
esclave	7	8.98	1	0	esclave
visible	7	8.98	1	0	visible
matelas	7	8.98	1	0	matelas
caserne	7	8.99	1	0	caserne
écouler	7	9.01	1	0	écouler
égorger	7	9.04	1	0	égorger
horizon	7	9.04	1	0	horizon
prédire	7	9.05	1	0	prédire
vertige	7	9.06	1	0	vertige
graisse	7	9.09	1	0	graisse
abeille	7	9.11	1	0	abeille
ralenti	7	9.2	1	0	ralenti
charbon	7	9.24	1	0	charbon
fatigue	7	9.25	1	0	fatigue
tousser	7	9.28	1	0	tousser
navette	7	9.35	1	0	navette
combler	7	9.37	1	0	combler
loyauté	7	9.38	1	0	loyauté
grenier	7	9.39	1	0	grenier
blaguer	7	9.41	1	0	blaguer
archive	7	9.42	1	0	archive
émettre	7	9.45	1	0	émettre
stopper	7	9.46	1	0	stopper
galaxie	7	9.53	1	0	galaxie
endurer	7	9.67	1	0	endurer
refiler	7	9.7	1	0	refiler
soulier	7	9.76	1	0	soulier
affiche	7	9.78	1	0	affiche
armoire	7	9.79	1	0	armoire
heurter	7	9.79	1	0	heurter
récolte	7	9.83	1	0	récolte
maillot	7	9.88	1	0	maillot
mélange	7	9.9	1	0	mélange
astiquer	8	3	1	0	astiquer
tournure	8	3	1	0	tournure
flambeau	8	3.04	1	0	flambeau
naufrage	8	3.04	1	0	naufrage
flancher	8	3.04	1	0	flancher
délirant	8	3.05	1	0	délirant
rubrique	8	3.06	1	0	rubrique
démentir	8	3.06	1	0	démentir
ambulant	8	3.08	1	0	ambulant
aviateur	8	3.09	1	0	aviateur
lanterne	8	3.09	1	0	lanterne
démanger	8	3.1	1	0	démanger
profaner	8	3.12	1	0	profaner
collecte	8	3.13	1	0	collecte
auditeur	8	3.15	1	0	auditeur
marmotte	8	3.15	1	0	marmotte
alphabet	8	3.16	1	0	alphabet
raffoler	8	3.16	1	0	raffoler
abattoir	8	3.16	1	0	abattoir
marécage	8	3.18	1	0	marécage
tabouret	8	3.19	1	0	tabouret
tricoter	8	3.19	1	0	tricoter
affliger	8	3.21	1	0	affliger
garnison	8	3.23	1	0	garnison
durement	8	3.27	1	0	durement
pointure	8	3.27	1	0	pointure
repêcher	8	3.27	1	0	repêcher
éplucher	8	3.27	1	0	éplucher
empester	8	3.28	1	0	empester
paternel	8	3.29	1	0	paternel
poliment	8	3.29	1	0	poliment
terminus	8	3.3	1	0	terminus
mystique	8	3.31	1	0	mystique
incarner	8	3.31	1	0	incarner
agricole	8	3.31	1	0	agricole
bûcheron	8	3.33	1	0	bûcheron
médiocre	8	3.36	1	0	médiocre
lamenter	8	3.37	1	0	lamenter
inaperçu	8	3.37	1	0	inaperçu
ébranler	8	3.37	1	0	ébranler
escalade	8	3.37	1	0	escalade
diarrhée	8	3.38	1	0	diarrhée
défouler	8	3.39	1	0	défouler
enfantin	8	3.39	1	0	enfantin
embellir	8	3.4	1	0	embellir
rebondir	8	3.42	1	0	rebondir
myrtille	8	3.43	1	0	myrtille
clémence	8	3.44	1	0	clémence
puanteur	8	3.44	1	0	puanteur
ratisser	8	3.45	1	0	ratisser
compatir	8	3.46	1	0	compatir
hystérie	8	3.48	1	0	hystérie
éternuer	8	3.48	1	0	éternuer
équation	8	3.5	1	0	équation
chausson	8	3.5	1	0	chausson
pingouin	8	3.51	1	0	pingouin
rétrécir	8	3.51	1	0	rétrécir
formuler	8	3.52	1	0	formuler
autruche	8	3.53	1	0	autruche
semestre	8	3.53	1	0	semestre
prospère	8	3.54	1	0	prospère
glissant	8	3.54	1	0	glissant
scorpion	8	3.54	1	0	scorpion
pétition	8	3.54	1	0	pétition
ponctuel	8	3.55	1	0	ponctuel
décliner	8	3.55	1	0	décliner
cinéaste	8	3.56	1	0	cinéaste
dépanner	8	3.56	1	0	dépanner
camelote	8	3.59	1	0	camelote
protéine	8	3.59	1	0	protéine
déballer	8	3.59	1	0	déballer
enseigne	8	3.59	1	0	enseigne
natation	8	3.59	1	0	natation
choquant	8	3.61	1	0	choquant
riposter	8	3.61	1	0	riposter
éclatant	8	3.62	1	0	éclatant
moquette	8	3.63	1	0	moquette
anatomie	8	3.63	1	0	anatomie
charogne	8	3.64	1	0	charogne
dégrader	8	3.69	1	0	dégrader
insomnie	8	3.69	1	0	insomnie
handicap	8	3.7	1	0	handicap
différer	8	3.71	1	0	différer
éruption	8	3.73	1	0	éruption
froisser	8	3.74	1	0	froisser
enrouler	8	3.75	1	0	enrouler
forgeron	8	3.76	1	0	forgeron
supplice	8	3.77	1	0	supplice
rebeller	8	3.77	1	0	rebeller
dentelle	8	3.78	1	0	dentelle
matériau	8	3.78	1	0	matériau
exigeant	8	3.79	1	0	exigeant
remédier	8	3.8	1	0	remédier
consulat	8	3.84	1	0	consulat
doublure	8	3.84	1	0	doublure
résigner	8	3.84	1	0	résigner
congeler	8	3.85	1	0	congeler
percuter	8	3.87	1	0	percuter
clochard	8	3.88	1	0	clochard
orchidée	8	3.88	1	0	orchidée
flagrant	8	3.89	1	0	flagrant
entasser	8	3.9	1	0	entasser
pancarte	8	3.9	1	0	pancarte
ignorant	8	3.9	1	0	ignorant
orienter	8	3.91	1	0	orienter
crédible	8	3.92	1	0	crédible
susciter	8	3.94	1	0	susciter
devancer	8	3.94	1	0	devancer
modestie	8	3.96	1	0	modestie
anomalie	8	3.96	1	0	anomalie
confrère	8	3.98	1	0	confrère
purement	8	3.99	1	0	purement
bouillon	8	4	1	0	bouillon
saccager	8	4	1	0	saccager
écorcher	8	4.02	1	0	écorcher
décamper	8	4.02	1	0	décamper
souriant	8	4.02	1	0	souriant
bricoler	8	4.03	1	0	bricoler
doctorat	8	4.07	1	0	doctorat
suspense	8	4.09	1	0	suspense
blaireau	8	4.14	1	0	blaireau
spontané	8	4.14	1	0	spontané
fréquent	8	4.14	1	0	fréquent
confiant	8	4.14	1	0	confiant
soucoupe	8	4.14	1	0	soucoupe
pastèque	8	4.16	1	0	pastèque
élégance	8	4.17	1	0	élégance
standard	8	4.17	1	0	standard
anarchie	8	4.18	1	0	anarchie
croisade	8	4.21	1	0	croisade
pionnier	8	4.21	1	0	pionnier
interner	8	4.21	1	0	interner
maîtrise	8	4.22	1	0	maîtrise
indigner	8	4.23	1	0	indigner
savourer	8	4.24	1	0	savourer
charrier	8	4.24	1	0	charrier
septième	8	4.25	1	0	septième
succéder	8	4.25	1	0	succéder
assigner	8	4.25	1	0	assigner
aquarium	8	4.26	1	0	aquarium
moniteur	8	4.26	1	0	moniteur
diplômer	8	4.29	1	0	diplômer
obsèques	8	4.32	1	0	obsèques
caissier	8	4.32	1	0	caissier
anguille	8	4.32	1	0	anguille
musicien	8	4.34	1	0	musicien
équipier	8	4.34	1	0	équipier
cendrier	8	4.35	1	0	cendrier
attarder	8	4.36	1	0	attarder
illustre	8	4.38	1	0	illustre
esquiver	8	4.39	1	0	esquiver
faufiler	8	4.41	1	0	faufiler
divertir	8	4.49	1	0	divertir
calomnie	8	4.49	1	0	calomnie
coulisse	8	4.5	1	0	coulisse
contexte	8	4.5	1	0	contexte
combiner	8	4.5	1	0	combiner
épanouir	8	4.51	1	0	épanouir
abstenir	8	4.52	1	0	abstenir
gracieux	8	4.54	1	0	gracieux
offrande	8	4.54	1	0	offrande
répugner	8	4.55	1	0	répugner
bêtement	8	4.56	1	0	bêtement
annuaire	8	4.56	1	0	annuaire
fragment	8	4.57	1	0	fragment
solennel	8	4.58	1	0	solennel
maquette	8	4.58	1	0	maquette
stimuler	8	4.6	1	0	stimuler
vigilant	8	4.61	1	0	vigilant
imminent	8	4.63	1	0	imminent
amertume	8	4.64	1	0	amertume
révolter	8	4.65	1	0	révolter
lentille	8	4.66	1	0	lentille
escadron	8	4.68	1	0	escadron
allusion	8	4.72	1	0	allusion
présider	8	4.72	1	0	présider
sainteté	8	4.74	1	0	sainteté
manquant	8	4.74	1	0	manquant
paupière	8	4.75	1	0	paupière
dissiper	8	4.76	1	0	dissiper
accompli	8	4.79	1	0	accompli
intrigue	8	4.8	1	0	intrigue
coursier	8	4.81	1	0	coursier
fatigant	8	4.84	1	0	fatigant
rallumer	8	4.85	1	0	rallumer
bonhomme	8	4.85	1	0	bonhomme
décréter	8	4.86	1	0	décréter
survenir	8	4.86	1	0	survenir
conjugal	8	4.88	1	0	conjugal
proverbe	8	4.9	1	0	proverbe
déserter	8	4.9	1	0	déserter
coquille	8	4.92	1	0	coquille
éventuel	8	4.92	1	0	éventuel
abaisser	8	4.93	1	0	abaisser
primaire	8	4.95	1	0	primaire
dégainer	8	4.95	1	0	dégainer
relancer	8	4.95	1	0	relancer
bactérie	8	5	1	0	bactérie
allergie	8	5	1	0	allergie
marchand	8	5.02	1	0	marchand
prudence	8	5.04	1	0	prudence
dénicher	8	5.07	1	0	dénicher
résonner	8	5.07	1	0	résonner
bestiole	8	5.07	1	0	bestiole
gâchette	8	5.09	1	0	gâchette
passager	8	5.09	1	0	passager
bagarrer	8	5.1	1	0	bagarrer
accourir	8	5.17	1	0	accourir
exigence	8	5.17	1	0	exigence
aviation	8	5.18	1	0	aviation
rajeunir	8	5.2	1	0	rajeunir
pagaille	8	5.21	1	0	pagaille
émouvant	8	5.21	1	0	émouvant
consigne	8	5.24	1	0	consigne
révérend	8	5.24	1	0	révérend
réacteur	8	5.24	1	0	réacteur
taquiner	8	5.24	1	0	taquiner
spécimen	8	5.26	1	0	spécimen
torpille	8	5.28	1	0	torpille
arrogant	8	5.29	1	0	arrogant
basculer	8	5.29	1	0	basculer
embarras	8	5.32	1	0	embarras
fabrique	8	5.34	1	0	fabrique
blanchir	8	5.34	1	0	blanchir
survoler	8	5.38	1	0	survoler
déterrer	8	5.44	1	0	déterrer
vaillant	8	5.45	1	0	vaillant
africain	8	5.46	1	0	africain
syndrome	8	5.47	1	0	syndrome
institut	8	5.49	1	0	institut
conserve	8	5.5	1	0	conserve
matériel	8	5.54	1	0	matériel
accabler	8	5.55	1	0	accabler
renifler	8	5.56	1	0	renifler
refléter	8	5.57	1	0	refléter
disciple	8	5.62	1	0	disciple
démarche	8	5.69	1	0	démarche
nocturne	8	5.71	1	0	nocturne
désarmer	8	5.72	1	0	désarmer
attirant	8	5.74	1	0	attirant
paroisse	8	5.75	1	0	paroisse
pianiste	8	5.75	1	0	pianiste
constant	8	5.76	1	0	constant
héberger	8	5.77	1	0	héberger
vitamine	8	5.77	1	0	vitamine
recoudre	8	5.8	1	0	recoudre
flanquer	8	5.82	1	0	flanquer
guérison	8	5.84	1	0	guérison
vivement	8	5.85	1	0	vivement
plombier	8	5.85	1	0	plombier
barbecue	8	5.87	1	0	barbecue
conjurer	8	5.88	1	0	conjurer
conquête	8	5.95	1	0	conquête
pavillon	8	5.95	1	0	pavillon
sanglier	8	6.05	1	0	sanglier
secourir	8	6.05	1	0	secourir
prélever	8	6.07	1	0	prélever
noblesse	8	6.09	1	0	noblesse
précéder	8	6.09	1	0	précéder
efforcer	8	6.14	1	0	efforcer
district	8	6.14	1	0	district
absenter	8	6.14	1	0	absenter
désobéir	8	6.15	1	0	désobéir
seringue	8	6.15	1	0	seringue
nourrice	8	6.17	1	0	nourrice
limonade	8	6.17	1	0	limonade
requérir	8	6.24	1	0	requérir
remarier	8	6.25	1	0	remarier
inverser	8	6.29	1	0	inverser
bulletin	8	6.35	1	0	bulletin
arnaquer	8	6.37	1	0	arnaquer
banquier	8	6.38	1	0	banquier
altitude	8	6.39	1	0	altitude
propager	8	6.42	1	0	propager
aveugler	8	6.5	1	0	aveugler
souiller	8	6.52	1	0	souiller
consumer	8	6.54	1	0	consumer
infliger	8	6.54	1	0	infliger
redouter	8	6.58	1	0	redouter
multiple	8	6.6	1	0	multiple
complice	8	6.63	1	0	complice
fusiller	8	6.63	1	0	fusiller
sonnerie	8	6.65	1	0	sonnerie
peignoir	8	6.65	1	0	peignoir
absorber	8	6.66	1	0	absorber
infernal	8	6.66	1	0	infernal
scrupule	8	6.66	1	0	scrupule
monument	8	6.68	1	0	monument
sanglant	8	6.69	1	0	sanglant
guerrier	8	6.7	1	0	guerrier
réfugier	8	6.72	1	0	réfugier
revendre	8	6.75	1	0	revendre
rouiller	8	6.75	1	0	rouiller
impérial	8	6.77	1	0	impérial
piétiner	8	6.78	1	0	piétiner
épicerie	8	6.79	1	0	épicerie
harmonie	8	6.8	1	0	harmonie
injecter	8	6.83	1	0	injecter
démonter	8	6.83	1	0	démonter
mendiant	8	6.86	1	0	mendiant
omelette	8	6.87	1	0	omelette
fasciste	8	6.93	1	0	fasciste
faillite	8	6.94	1	0	faillite
artifice	8	6.95	1	0	artifice
pyramide	8	7.02	1	0	pyramide
pauvreté	8	7.04	1	0	pauvreté
réaliste	8	7.05	1	0	réaliste
déployer	8	7.09	1	0	déployer
invasion	8	7.15	1	0	invasion
écureuil	8	7.22	1	0	écureuil
agrandir	8	7.26	1	0	agrandir
murmurer	8	7.27	1	0	murmurer
cuillère	8	7.3	1	0	cuillère
tourment	8	7.3	1	0	tourment
stresser	8	7.34	1	0	stresser
incliner	8	7.35	1	0	incliner
lumineux	8	7.36	1	0	lumineux
morphine	8	7.37	1	0	morphine
inculper	8	7.4	1	0	inculper
glorieux	8	7.41	1	0	glorieux
chapelle	8	7.42	1	0	chapelle
touchant	8	7.42	1	0	touchant
recruter	8	7.45	1	0	recruter
renaître	8	7.45	1	0	renaître
égyptien	8	7.48	1	0	égyptien
plancher	8	7.5	1	0	plancher
ruisseau	8	7.5	1	0	ruisseau
fourrure	8	7.53	1	0	fourrure
paisible	8	7.55	1	0	paisible
orphelin	8	7.57	1	0	orphelin
fouetter	8	7.61	1	0	fouetter
séquence	8	7.61	1	0	séquence
aggraver	8	7.61	1	0	aggraver
bouillir	8	7.63	1	0	bouillir
festival	8	7.65	1	0	festival
sentence	8	7.7	1	0	sentence
fontaine	8	7.72	1	0	fontaine
enrichir	8	7.73	1	0	enrichir
mexicain	8	7.74	1	0	mexicain
baguette	8	7.74	1	0	baguette
carnaval	8	7.86	1	0	carnaval
fracture	8	7.88	1	0	fracture
mâchoire	8	7.9	1	0	mâchoire
purifier	8	7.92	1	0	purifier
banlieue	8	7.92	1	0	banlieue
diminuer	8	7.94	1	0	diminuer
croyance	8	7.95	1	0	croyance
intégrer	8	7.98	1	0	intégrer
escargot	8	8.07	1	0	escargot
dynamite	8	8.12	1	0	dynamite
invoquer	8	8.13	1	0	invoquer
escorter	8	8.21	1	0	escorter
sinistre	8	8.27	1	0	sinistre
acquérir	8	8.3	1	0	acquérir
afficher	8	8.35	1	0	afficher
polonais	8	8.41	1	0	polonais
chantage	8	8.51	1	0	chantage
extraire	8	8.55	1	0	extraire
décembre	8	8.55	1	0	décembre
addition	8	8.61	1	0	addition
registre	8	8.62	1	0	registre
complexe	8	8.62	1	0	complexe
débattre	8	8.63	1	0	débattre
comptoir	8	8.66	1	0	comptoir
imprimer	8	8.67	1	0	imprimer
expédier	8	8.69	1	0	expédier
détresse	8	8.7	1	0	détresse
naviguer	8	8.71	1	0	naviguer
grandeur	8	8.75	1	0	grandeur
dévoiler	8	8.78	1	0	dévoiler
novembre	8	8.79	1	0	novembre
étudiant	8	8.79	1	0	étudiant
réplique	8	8.94	1	0	réplique
bénéfice	8	8.97	1	0	bénéfice
épidémie	8	9.05	1	0	épidémie
apprêter	8	9.13	1	0	apprêter
barrière	8	9.13	1	0	barrière
fantasme	8	9.18	1	0	fantasme
aspirine	8	9.18	1	0	aspirine
vocation	8	9.26	1	0	vocation
expulser	8	9.28	1	0	expulser
policier	8	9.29	1	0	policier
préciser	8	9.29	1	0	préciser
présumer	8	9.29	1	0	présumer
fasciner	8	9.34	1	0	fasciner
oreiller	8	9.34	1	0	oreiller
longueur	8	9.42	1	0	longueur
négliger	8	9.42	1	0	négliger
redonner	8	9.43	1	0	redonner
triomphe	8	9.44	1	0	triomphe
européen	8	9.45	1	0	européen
émouvoir	8	9.46	1	0	émouvoir
réussite	8	9.46	1	0	réussite
regagner	8	9.54	1	0	regagner
argument	8	9.58	1	0	argument
repenser	8	9.68	1	0	repenser
perruque	8	9.68	1	0	perruque
projeter	8	9.75	1	0	projeter
entrepôt	8	9.75	1	0	entrepôt
liquider	8	9.76	1	0	liquider
immédiat	8	9.77	1	0	immédiat
soupirer	8	9.81	1	0	soupirer
bourreau	8	9.83	1	0	bourreau
détecter	8	9.86	1	0	détecter
poignard	8	9.89	1	0	poignard
insinuer	8	9.9	1	0	insinuer
baptiser	8	9.9	1	0	baptiser
financer	8	9.92	1	0	financer
infecter	8	9.96	1	0	infecter
soda	4	10.23	2	0	soda
flot	4	10.28	2	0	flot
soie	4	10.38	2	0	soie
vase	4	10.74	2	0	vase
banc	4	10.76	2	0	banc
fixe	4	11.12	2	0	fixe
aveu	4	11.15	2	0	aveu
taux	4	11.22	2	0	taux
bail	4	11.49	2	0	bail
char	4	11.86	2	0	char
onde	4	11.91	2	0	onde
amer	4	11.94	2	0	amer
grec	4	12.14	2	0	grec
défi	4	12.24	2	0	défi
nord	4	12.26	2	0	nord
rond	4	12.31	2	0	rond
sauf	4	12.52	2	0	sauf
mont	4	12.63	2	0	mont
août	4	12.65	2	0	août
coma	4	12.66	2	0	coma
jupe	4	12.76	2	0	jupe
noix	4	12.83	2	0	noix
brun	4	13.16	2	0	brun
juin	4	13.4	2	0	juin
pull	4	13.43	2	0	pull
pneu	4	13.44	2	0	pneu
user	4	13.58	2	0	user
loge	4	13.69	2	0	loge
clou	4	13.83	2	0	clou
rein	4	13.96	2	0	rein
cran	4	13.97	2	0	cran
quai	4	14.01	2	0	quai
golf	4	14.14	2	0	golf
lame	4	14.22	2	0	lame
muet	4	14.23	2	0	muet
cuir	4	14.25	2	0	cuir
tsar	4	14.3	2	0	tsar
gras	4	14.31	2	0	gras
plat	4	14.66	2	0	plat
saut	4	14.77	2	0	saut
café	4	14.88	2	0	café
vote	4	15.04	2	0	vote
boue	4	15.1	2	0	boue
gage	4	15.31	2	0	gage
four	4	15.44	2	0	four
luxe	4	15.62	2	0	luxe
bref	4	15.63	2	0	bref
rage	4	15.97	2	0	rage
pose	4	16.11	2	0	pose
lent	4	16.41	2	0	lent
pâle	4	16.5	2	0	pâle
ôter	4	16.81	2	0	ôter
noce	4	17.05	2	0	noce
tire	4	17.13	2	0	tire
site	4	17.17	2	0	site
bloc	4	17.28	2	0	bloc
tube	4	17.4	2	0	tube
gang	4	17.48	2	0	gang
cage	4	18.3	2	0	cage
ivre	4	18.32	2	0	ivre
dose	4	18.44	2	0	dose
laid	4	18.54	2	0	laid
auto	4	18.66	2	0	auto
jury	4	18.8	2	0	jury
hâte	4	18.83	2	0	hâte
drap	4	19.22	2	0	drap
hôte	4	19.43	2	0	hôte
chic	4	19.57	2	0	chic
gris	4	19.64	2	0	gris
vain	4	19.87	2	0	vain
roue	4	21.87	2	0	roue
rock	4	22.11	2	0	rock
kilo	4	22.54	2	0	kilo
file	4	22.88	2	0	file
foie	4	23.48	2	0	foie
rose	4	23.72	2	0	rose
clef	4	24.32	2	0	clef
ours	4	24.57	2	0	ours
nier	4	24.86	2	0	nier
gant	4	25.02	2	0	gant
unir	4	25.15	2	0	unir
moto	4	25.23	2	0	moto
info	4	25.5	2	0	info
abri	4	25.9	2	0	abri
pari	4	26.61	2	0	pari
sain	4	26.63	2	0	sain
pour	4	27.69	2	0	pour
fini	4	27.8	2	0	fini
môme	4	28.15	2	0	môme
rang	4	28.21	2	0	rang
voeu	4	28.58	2	0	voeu
lire	4	28.88	2	0	lire
chou	4	29.86	2	0	chou
vers	4	29.91	2	0	vers
labo	4	29.95	2	0	labo
nerf	4	30.12	2	0	nerf
aube	4	30.32	2	0	aube
loup	4	30.42	2	0	loup
race	4	30.56	2	0	race
date	4	31.41	2	0	date
mode	4	31.67	2	0	mode
port	4	31.68	2	0	port
soif	4	31.82	2	0	soif
joue	4	32.28	2	0	joue
épée	4	32.81	2	0	épée
zéro	4	32.85	2	0	zéro
parc	4	32.85	2	0	parc
rare	4	33.27	2	0	rare
aile	4	33.45	2	0	aile
bien	4	34.29	2	0	bien
côte	4	35.16	2	0	côte
vélo	4	35.58	2	0	vélo
lors	4	35.79	2	0	lors
lien	4	35.89	2	0	lien
lier	4	37.17	2	0	lier
égal	4	38.08	2	0	égal
demi	4	38.26	2	0	demi
réel	4	38.7	2	0	réel
rire	4	38.88	2	0	rire
sage	4	39.09	2	0	sage
poil	4	39.33	2	0	poil
star	4	39.34	2	0	star
oeuf	4	39.4	2	0	oeuf
page	4	39.41	2	0	page
nièce	5	10.1	2	0	nièce
pelle	5	10.1	2	0	pelle
flûte	5	10.13	2	0	flûte
épais	5	10.19	2	0	épais
coude	5	10.19	2	0	coude
litre	5	10.19	2	0	litre
hache	5	10.23	2	0	hache
média	5	10.23	2	0	média
quête	5	10.24	2	0	quête
wagon	5	10.24	2	0	wagon
frein	5	10.25	2	0	frein
selle	5	10.26	2	0	selle
jeton	5	10.27	2	0	jeton
vaste	5	10.32	2	0	vaste
radar	5	10.36	2	0	radar
errer	5	10.44	2	0	errer
fiche	5	10.46	2	0	fiche
resto	5	10.47	2	0	resto
sensé	5	10.5	2	0	sensé
perle	5	10.57	2	0	perle
proie	5	10.61	2	0	proie
thèse	5	10.67	2	0	thèse
débat	5	10.7	2	0	débat
poker	5	10.76	2	0	poker
steak	5	10.76	2	0	steak
canne	5	10.91	2	0	canne
balai	5	10.91	2	0	balai
loyal	5	10.96	2	0	loyal
gâter	5	10.97	2	0	gâter
canon	5	11.03	2	0	canon
délai	5	11.04	2	0	délai
noeud	5	11.12	2	0	noeud
alibi	5	11.13	2	0	alibi
périr	5	11.2	2	0	périr
avril	5	11.23	2	0	avril
élire	5	11.23	2	0	élire
engin	5	11.25	2	0	engin
album	5	11.29	2	0	album
chaos	5	11.3	2	0	chaos
valet	5	11.4	2	0	valet
tribu	5	11.57	2	0	tribu
damer	5	11.6	2	0	damer
comté	5	11.64	2	0	comté
sueur	5	11.71	2	0	sueur
talon	5	11.72	2	0	talon
miser	5	11.8	2	0	miser
moine	5	11.82	2	0	moine
foire	5	11.83	2	0	foire
phare	5	11.88	2	0	phare
saoul	5	11.97	2	0	saoul
deuil	5	12.24	2	0	deuil
vivre	5	12.61	2	0	vivre
décès	5	12.82	2	0	décès
dalle	5	13	2	0	dalle
dépôt	5	13.2	2	0	dépôt
phase	5	13.22	2	0	phase
angle	5	13.29	2	0	angle
conte	5	13.3	2	0	conte
cadre	5	13.53	2	0	cadre
casse	5	13.62	2	0	casse
acier	5	13.88	2	0	acier
géant	5	13.91	2	0	géant
outil	5	14.18	2	0	outil
dégât	5	14.22	2	0	dégât
éclat	5	14.28	2	0	éclat
grain	5	14.32	2	0	grain
trône	5	14.32	2	0	trône
métal	5	14.36	2	0	métal
plier	5	14.37	2	0	plier
marge	5	14.4	2	0	marge
saute	5	14.52	2	0	saute
écart	5	14.71	2	0	écart
nuire	5	14.74	2	0	nuire
drame	5	14.87	2	0	drame
parti	5	15.01	2	0	parti
plaie	5	15.02	2	0	plaie
micro	5	15.03	2	0	micro
impôt	5	15.14	2	0	impôt
stade	5	15.14	2	0	stade
tigre	5	15.19	2	0	tigre
plume	5	15.29	2	0	plume
filet	5	15.44	2	0	filet
vexer	5	15.56	2	0	vexer
luire	5	15.58	2	0	luire
pouls	5	15.64	2	0	pouls
pouce	5	15.72	2	0	pouce
étape	5	15.77	2	0	étape
tabac	5	16	2	0	tabac
mince	5	16.27	2	0	mince
tonne	5	16.29	2	0	tonne
toast	5	16.3	2	0	toast
vitre	5	16.35	2	0	vitre
moral	5	16.39	2	0	moral
motif	5	16.56	2	0	motif
villa	5	16.61	2	0	villa
tente	5	16.65	2	0	tente
savon	5	16.68	2	0	savon
dater	5	16.69	2	0	dater
masse	5	16.73	2	0	masse
légal	5	16.79	2	0	légal
peste	5	16.95	2	0	peste
major	5	16.95	2	0	major
guère	5	17.02	2	0	guère
câble	5	17.04	2	0	câble
linge	5	17.04	2	0	linge
canal	5	17.11	2	0	canal
orage	5	17.14	2	0	orage
loyer	5	17.18	2	0	loyer
thème	5	17.32	2	0	thème
citer	5	17.51	2	0	citer
salir	5	17.51	2	0	salir
guide	5	17.52	2	0	guide
poing	5	17.52	2	0	poing
stylo	5	17.73	2	0	stylo
vertu	5	17.75	2	0	vertu
aller	5	17.78	2	0	aller
bible	5	17.79	2	0	bible
bonté	5	17.88	2	0	bonté
ruine	5	17.93	2	0	ruine
toile	5	17.99	2	0	toile
bâton	5	18.11	2	0	bâton
métro	5	18.17	2	0	métro
loger	5	18.36	2	0	loger
messe	5	18.36	2	0	messe
bisou	5	18.4	2	0	bisou
bâtir	5	18.65	2	0	bâtir
large	5	18.66	2	0	large
barre	5	18.78	2	0	barre
sauce	5	19.24	2	0	sauce
puits	5	19.52	2	0	puits
opéra	5	19.61	2	0	opéra
veine	5	19.74	2	0	veine
semer	5	19.8	2	0	semer
cieux	5	20.05	2	0	cieux
plomb	5	20.24	2	0	plomb
douer	5	20.29	2	0	douer
ongle	5	20.37	2	0	ongle
texte	5	20.42	2	0	texte
civil	5	20.46	2	0	civil
voile	5	20.51	2	0	voile
congé	5	20.74	2	0	congé
baron	5	20.82	2	0	baron
tache	5	21.04	2	0	tache
jaune	5	21.09	2	0	jaune
degré	5	21.3	2	0	degré
blond	5	21.45	2	0	blond
cuire	5	21.65	2	0	cuire
franc	5	21.67	2	0	franc
tasse	5	21.89	2	0	tasse
gamin	5	22.15	2	0	gamin
royal	5	22.65	2	0	royal
poète	5	22.65	2	0	poète
huile	5	22.68	2	0	huile
robot	5	22.89	2	0	robot
neveu	5	22.9	2	0	neveu
pompe	5	22.92	2	0	pompe
quart	5	23.02	2	0	quart
pizza	5	23.09	2	0	pizza
lutte	5	23.18	2	0	lutte
futur	5	23.2	2	0	futur
saint	5	23.22	2	0	saint
geler	5	23.41	2	0	geler
peser	5	23.41	2	0	peser
vidéo	5	23.61	2	0	vidéo
mardi	5	23.65	2	0	mardi
écran	5	23.68	2	0	écran
avant	5	23.8	2	0	avant
virus	5	23.98	2	0	virus
barbe	5	24.15	2	0	barbe
céder	5	24.21	2	0	céder
hélas	5	24.21	2	0	hélas
échec	5	24.31	2	0	échec
panne	5	24.59	2	0	panne
total	5	24.59	2	0	total
océan	5	24.89	2	0	océan
donne	5	25.03	2	0	donne
chute	5	25.15	2	0	chute
ferme	5	25.2	2	0	ferme
digne	5	25.29	2	0	digne
sourd	5	25.69	2	0	sourd
copie	5	25.7	2	0	copie
lampe	5	25.86	2	0	lampe
chant	5	25.9	2	0	chant
jeudi	5	26.09	2	0	jeudi
vomir	5	26.12	2	0	vomir
dette	5	26.13	2	0	dette
otage	5	26.4	2	0	otage
asile	5	26.56	2	0	asile
lâche	5	26.67	2	0	lâche
tuyau	5	26.73	2	0	tuyau
rayon	5	27	2	0	rayon
poème	5	27.03	2	0	poème
garer	5	27.16	2	0	garer
comte	5	27.36	2	0	comte
gérer	5	27.51	2	0	gérer
fichu	5	27.51	2	0	fichu
vente	5	27.54	2	0	vente
habit	5	27.64	2	0	habit
foule	5	27.81	2	0	foule
maire	5	28.17	2	0	maire
pause	5	28.24	2	0	pause
raser	5	28.54	2	0	raser
noble	5	28.7	2	0	noble
essai	5	28.78	2	0	essai
cesse	5	28.88	2	0	cesse
cruel	5	28.98	2	0	cruel
fuite	5	29.09	2	0	fuite
croix	5	29.1	2	0	croix
siège	5	29.44	2	0	siège
lourd	5	29.45	2	0	lourd
accès	5	29.53	2	0	accès
voter	5	29.61	2	0	voter
armer	5	29.77	2	0	armer
sport	5	30.04	2	0	sport
subir	5	30.13	2	0	subir
nuage	5	30.27	2	0	nuage
bague	5	30.32	2	0	bague
nager	5	30.36	2	0	nager
parer	5	30.5	2	0	parer
vider	5	30.68	2	0	vider
boule	5	30.68	2	0	boule
gorge	5	30.87	2	0	gorge
brave	5	30.93	2	0	brave
tâche	5	31.01	2	0	tâche
noter	5	31.24	2	0	noter
buter	5	31.86	2	0	buter
sucre	5	32.01	2	0	sucre
botte	5	32.19	2	0	botte
soupe	5	32.26	2	0	soupe
russe	5	32.27	2	0	russe
style	5	32.34	2	0	style
fixer	5	32.73	2	0	fixer
coupe	5	33.02	2	0	coupe
piège	5	33.12	2	0	piège
cible	5	33.55	2	0	cible
poids	5	34.42	2	0	poids
offre	5	34.55	2	0	offre
grâce	5	34.59	2	0	grâce
patte	5	34.6	2	0	patte
vieil	5	34.69	2	0	vieil
bouge	5	34.79	2	0	bouge
herbe	5	34.81	2	0	herbe
forêt	5	34.94	2	0	forêt
somme	5	35.25	2	0	somme
singe	5	35.48	2	0	singe
série	5	36.53	2	0	série
poule	5	36.7	2	0	poule
lundi	5	36.94	2	0	lundi
fêter	5	36.97	2	0	fêter
terme	5	37.67	2	0	terme
veste	5	37.72	2	0	veste
léger	5	37.77	2	0	léger
perte	5	37.8	2	0	perte
lèvre	5	37.91	2	0	lèvre
génie	5	38.01	2	0	génie
viser	5	38.03	2	0	viser
corde	5	38.57	2	0	corde
hiver	5	38.96	2	0	hiver
salon	5	39.24	2	0	salon
lapin	5	39.28	2	0	lapin
neige	5	39.34	2	0	neige
fruit	5	39.45	2	0	fruit
stable	6	10.09	2	0	stable
morgue	6	10.12	2	0	morgue
gênant	6	10.33	2	0	gênant
graver	6	10.34	2	0	graver
adulte	6	10.37	2	0	adulte
barque	6	10.4	2	0	barque
député	6	10.4	2	0	député
situer	6	10.44	2	0	situer
majeur	6	10.45	2	0	majeur
tracer	6	10.49	2	0	tracer
balcon	6	10.53	2	0	balcon
égarer	6	10.55	2	0	égarer
allure	6	10.57	2	0	allure
rançon	6	10.6	2	0	rançon
vanter	6	10.73	2	0	vanter
étroit	6	10.79	2	0	étroit
pincer	6	10.84	2	0	pincer
stress	6	10.85	2	0	stress
pétrin	6	10.89	2	0	pétrin
atroce	6	10.94	2	0	atroce
surgir	6	10.95	2	0	surgir
crayon	6	10.97	2	0	crayon
grille	6	11.01	2	0	grille
romain	6	11.02	2	0	romain
confus	6	11.02	2	0	confus
quitte	6	11.04	2	0	quitte
obscur	6	11.06	2	0	obscur
banane	6	11.14	2	0	banane
budget	6	11.21	2	0	budget
humide	6	11.23	2	0	humide
sirène	6	11.35	2	0	sirène
tennis	6	11.37	2	0	tennis
hanter	6	11.37	2	0	hanter
graine	6	11.41	2	0	graine
piqûre	6	11.41	2	0	piqûre
tâcher	6	11.41	2	0	tâcher
calcul	6	11.47	2	0	calcul
ramper	6	11.55	2	0	ramper
frappe	6	11.61	2	0	frappe
ronger	6	11.68	2	0	ronger
berger	6	11.84	2	0	berger
intact	6	11.89	2	0	intact
fraise	6	12	2	0	fraise
louper	6	12.06	2	0	louper
cognac	6	12.07	2	0	cognac
assaut	6	12.12	2	0	assaut
grotte	6	12.23	2	0	grotte
requin	6	12.24	2	0	requin
tordre	6	12.24	2	0	tordre
pilote	6	12.33	2	0	pilote
baisse	6	12.37	2	0	baisse
récent	6	12.42	2	0	récent
humble	6	12.43	2	0	humble
racine	6	12.53	2	0	racine
cuisse	6	12.73	2	0	cuisse
maigre	6	12.73	2	0	maigre
rempli	6	12.74	2	0	rempli
casino	6	12.75	2	0	casino
flèche	6	12.76	2	0	flèche
aspect	6	12.78	2	0	aspect
évader	6	12.8	2	0	évader
relier	6	12.83	2	0	relier
foudre	6	12.94	2	0	foudre
délire	6	13.2	2	0	délire
carnet	6	13.23	2	0	carnet
pointe	6	13.32	2	0	pointe
record	6	13.34	2	0	record
défier	6	13.49	2	0	défier
vallée	6	13.54	2	0	vallée
déesse	6	13.56	2	0	déesse
fierté	6	13.58	2	0	fierté
violon	6	13.65	2	0	violon
organe	6	13.69	2	0	organe
regret	6	13.77	2	0	regret
touche	6	13.96	2	0	touche
dragon	6	13.98	2	0	dragon
trafic	6	14.02	2	0	trafic
chèvre	6	14.08	2	0	chèvre
lécher	6	14.09	2	0	lécher
isoler	6	14.1	2	0	isoler
manche	6	14.25	2	0	manche
profit	6	14.29	2	0	profit
voisin	6	14.31	2	0	voisin
réseau	6	14.41	2	0	réseau
profil	6	14.44	2	0	profil
change	6	14.45	2	0	change
patate	6	14.47	2	0	patate
ennemi	6	14.56	2	0	ennemi
accent	6	14.56	2	0	accent
machin	6	14.6	2	0	machin
agiter	6	14.62	2	0	agiter
tiroir	6	14.65	2	0	tiroir
imiter	6	14.7	2	0	imiter
actuel	6	14.86	2	0	actuel
certes	6	14.88	2	0	certes
absent	6	14.91	2	0	absent
pigeon	6	15.05	2	0	pigeon
envers	6	15.07	2	0	envers
légume	6	15.16	2	0	légume
mouton	6	15.2	2	0	mouton
cabane	6	15.36	2	0	cabane
casque	6	15.42	2	0	casque
boiter	6	15.43	2	0	boiter
botter	6	15.54	2	0	botter
muscle	6	15.61	2	0	muscle
temple	6	15.69	2	0	temple
panier	6	15.72	2	0	panier
percer	6	15.77	2	0	percer
intime	6	15.78	2	0	intime
abîmer	6	15.83	2	0	abîmer
fonder	6	15.97	2	0	fonder
carton	6	16.01	2	0	carton
agneau	6	16.13	2	0	agneau
remède	6	16.14	2	0	remède
timide	6	16.36	2	0	timide
flotte	6	16.36	2	0	flotte
cachet	6	16.46	2	0	cachet
jungle	6	16.47	2	0	jungle
séjour	6	16.6	2	0	séjour
poumon	6	16.65	2	0	poumon
rocher	6	16.97	2	0	rocher
veille	6	17.07	2	0	veille
cigare	6	17.15	2	0	cigare
cendre	6	17.18	2	0	cendre
humour	6	17.22	2	0	humour
absolu	6	17.25	2	0	absolu
fondre	6	17.32	2	0	fondre
sommet	6	17.44	2	0	sommet
saleté	6	17.55	2	0	saleté
envier	6	17.79	2	0	envier
casier	6	17.81	2	0	casier
pourri	6	18.09	2	0	pourri
bougie	6	18.32	2	0	bougie
défaut	6	18.36	2	0	défaut
réveil	6	18.43	2	0	réveil
canapé	6	18.58	2	0	canapé
fameux	6	18.67	2	0	fameux
comité	6	18.72	2	0	comité
fumier	6	18.74	2	0	fumier
misère	6	18.77	2	0	misère
boucle	6	18.86	2	0	boucle
poésie	6	19.07	2	0	poésie
rideau	6	19.11	2	0	rideau
tunnel	6	19.24	2	0	tunnel
alarme	6	19.29	2	0	alarme
régime	6	19.43	2	0	régime
empire	6	19.47	2	0	empire
sécher	6	19.49	2	0	sécher
statue	6	19.5	2	0	statue
bourse	6	19.66	2	0	bourse
bandit	6	19.7	2	0	bandit
poison	6	19.76	2	0	poison
couche	6	19.95	2	0	couche
oignon	6	19.98	2	0	oignon
abuser	6	20	2	0	abuser
cabine	6	20	2	0	cabine
ruiner	6	20.39	2	0	ruiner
rythme	6	20.43	2	0	rythme
plaque	6	20.48	2	0	plaque
tester	6	20.66	2	0	tester
vilain	6	20.67	2	0	vilain
tomate	6	20.77	2	0	tomate
fleuve	6	21.58	2	0	fleuve
anneau	6	21.61	2	0	anneau
tendre	6	21.66	2	0	tendre
solide	6	21.71	2	0	solide
cercle	6	21.77	2	0	cercle
piéger	6	21.77	2	0	piéger
salade	6	21.8	2	0	salade
plante	6	21.86	2	0	plante
direct	6	21.89	2	0	direct
navire	6	21.98	2	0	navire
phrase	6	22.01	2	0	phrase
rumeur	6	22.11	2	0	rumeur
indice	6	22.13	2	0	indice
pilule	6	22.64	2	0	pilule
chérir	6	22.66	2	0	chérir
régner	6	22.75	2	0	régner
séance	6	22.91	2	0	séance
charme	6	22.92	2	0	charme
poudre	6	23.11	2	0	poudre
agence	6	23.15	2	0	agence
cancer	6	23.15	2	0	cancer
cirque	6	23.25	2	0	cirque
patrie	6	23.36	2	0	patrie
bonbon	6	23.45	2	0	bonbon
auteur	6	23.52	2	0	auteur
canard	6	23.85	2	0	canard
exprès	6	24.06	2	0	exprès
priver	6	24.06	2	0	priver
ticket	6	24.25	2	0	ticket
remuer	6	24.42	2	0	remuer
songer	6	24.59	2	0	songer
fidèle	6	24.61	2	0	fidèle
mouche	6	24.65	2	0	mouche
écoute	6	24.73	2	0	écoute
manque	6	24.77	2	0	manque
guider	6	24.79	2	0	guider
nation	6	24.8	2	0	nation
fièvre	6	25	2	0	fièvre
commun	6	25.08	2	0	commun
figure	6	25.18	2	0	figure
mandat	6	25.25	2	0	mandat
lutter	6	25.41	2	0	lutter
méfier	6	26.68	2	0	méfier
barrer	6	26.71	2	0	barrer
flamme	6	26.93	2	0	flamme
cogner	6	27.01	2	0	cogner
espion	6	27.57	2	0	espion
poupée	6	27.59	2	0	poupée
studio	6	27.77	2	0	studio
région	6	28.16	2	0	région
crédit	6	28.21	2	0	crédit
miroir	6	28.35	2	0	miroir
tarder	6	28.36	2	0	tarder
masque	6	29.18	2	0	masque
ménage	6	29.46	2	0	ménage
palais	6	29.55	2	0	palais
opérer	6	29.59	2	0	opérer
dessin	6	29.6	2	0	dessin
bagage	6	29.69	2	0	bagage
parfum	6	30	2	0	parfum
whisky	6	30.2	2	0	whisky
foncer	6	30.27	2	0	foncer
menace	6	30.36	2	0	menace
fiston	6	30.43	2	0	fiston
double	6	30.46	2	0	double
troupe	6	30.93	2	0	troupe
emploi	6	30.94	2	0	emploi
verser	6	31.2	2	0	verser
humeur	6	31.26	2	0	humeur
précis	6	31.59	2	0	précis
sombre	6	31.86	2	0	sombre
saison	6	31.95	2	0	saison
chèque	6	32.03	2	0	chèque
mesure	6	32.15	2	0	mesure
épaule	6	32.41	2	0	épaule
bouton	6	32.44	2	0	bouton
prière	6	32.73	2	0	prière
limite	6	32.77	2	0	limite
charge	6	32.86	2	0	charge
ballon	6	32.92	2	0	ballon
hurler	6	33.17	2	0	hurler
réagir	6	33.19	2	0	réagir
disque	6	33.61	2	0	disque
social	6	34.4	2	0	social
exiger	6	34.96	2	0	exiger
gloire	6	35.27	2	0	gloire
avaler	6	35.89	2	0	avaler
douche	6	36.06	2	0	douche
faveur	6	36.65	2	0	faveur
amitié	6	36.69	2	0	amitié
saisir	6	36.81	2	0	saisir
savoir	6	37.32	2	0	savoir
venger	6	37.73	2	0	venger
caisse	6	38.03	2	0	caisse
minuit	6	38.51	2	0	minuit
faible	6	38.78	2	0	faible
chaîne	6	38.8	2	0	chaîne
bêtise	6	39.31	2	0	bêtise
coffre	6	39.35	2	0	coffre
succès	6	39.58	2	0	succès
signal	6	39.61	2	0	signal
former	6	39.69	2	0	former
voiler	6	39.78	2	0	voiler
joyeux	6	39.89	2	0	joyeux
ouvert	6	39.97	2	0	ouvert
caillou	7	10.02	2	0	caillou
serrure	7	10.07	2	0	serrure
débuter	7	10.08	2	0	débuter
courant	7	10.13	2	0	courant
élégant	7	10.13	2	0	élégant
diviser	7	10.14	2	0	diviser
tambour	7	10.2	2	0	tambour
caporal	7	10.22	2	0	caporal
cristal	7	10.22	2	0	cristal
tombeau	7	10.22	2	0	tombeau
vaurien	7	10.22	2	0	vaurien
circuit	7	10.23	2	0	circuit
plafond	7	10.34	2	0	plafond
revivre	7	10.37	2	0	revivre
parrain	7	10.37	2	0	parrain
souhait	7	10.41	2	0	souhait
complot	7	10.45	2	0	complot
coutume	7	10.46	2	0	coutume
coupure	7	10.48	2	0	coupure
brûlant	7	10.48	2	0	brûlant
horloge	7	10.48	2	0	horloge
insulte	7	10.49	2	0	insulte
attrape	7	10.55	2	0	attrape
grossir	7	10.57	2	0	grossir
évoluer	7	10.6	2	0	évoluer
modeste	7	10.64	2	0	modeste
briquet	7	10.64	2	0	briquet
taureau	7	10.82	2	0	taureau
défiler	7	10.82	2	0	défiler
caution	7	10.88	2	0	caution
chameau	7	10.99	2	0	chameau
dessous	7	11.01	2	0	dessous
dizaine	7	11.08	2	0	dizaine
fichier	7	11.1	2	0	fichier
limiter	7	11.19	2	0	limiter
crapaud	7	11.3	2	0	crapaud
exclure	7	11.32	2	0	exclure
enfiler	7	11.42	2	0	enfiler
plaider	7	11.46	2	0	plaider
obséder	7	11.53	2	0	obséder
orgueil	7	11.56	2	0	orgueil
évoquer	7	11.57	2	0	évoquer
collège	7	11.58	2	0	collège
antenne	7	11.59	2	0	antenne
menotte	7	11.65	2	0	menotte
anonyme	7	11.65	2	0	anonyme
grenade	7	11.67	2	0	grenade
sublime	7	11.74	2	0	sublime
octobre	7	11.78	2	0	octobre
essuyer	7	11.82	2	0	essuyer
réciter	7	11.89	2	0	réciter
hériter	7	11.93	2	0	hériter
colonne	7	11.95	2	0	colonne
juillet	7	11.97	2	0	juillet
aspirer	7	12.07	2	0	aspirer
extrême	7	12.08	2	0	extrême
classer	7	12.11	2	0	classer
gratter	7	12.11	2	0	gratter
routine	7	12.14	2	0	routine
balayer	7	12.17	2	0	balayer
facteur	7	12.26	2	0	facteur
baraque	7	12.27	2	0	baraque
défaire	7	12.3	2	0	défaire
flatter	7	12.36	2	0	flatter
plaquer	7	12.46	2	0	plaquer
frotter	7	12.52	2	0	frotter
formule	7	12.53	2	0	formule
aborder	7	12.55	2	0	aborder
recette	7	12.56	2	0	recette
activer	7	12.58	2	0	activer
marteau	7	12.63	2	0	marteau
panneau	7	12.67	2	0	panneau
biscuit	7	12.72	2	0	biscuit
détenir	7	12.73	2	0	détenir
ancêtre	7	12.75	2	0	ancêtre
flotter	7	12.79	2	0	flotter
emparer	7	12.8	2	0	emparer
assumer	7	12.83	2	0	assumer
altesse	7	12.93	2	0	altesse
empirer	7	12.93	2	0	empirer
torture	7	12.94	2	0	torture
suspect	7	12.95	2	0	suspect
siffler	7	13.04	2	0	siffler
tolérer	7	13.05	2	0	tolérer
interne	7	13.15	2	0	interne
droguer	7	13.15	2	0	droguer
piloter	7	13.18	2	0	piloter
paysage	7	13.19	2	0	paysage
tailler	7	13.28	2	0	tailler
fiancer	7	13.3	2	0	fiancer
demeure	7	13.34	2	0	demeure
planche	7	13.37	2	0	planche
dessert	7	13.4	2	0	dessert
endormi	7	13.43	2	0	endormi
adapter	7	13.44	2	0	adapter
bouquin	7	13.49	2	0	bouquin
vedette	7	13.55	2	0	vedette
choquer	7	13.56	2	0	choquer
sagesse	7	13.58	2	0	sagesse
poignée	7	13.61	2	0	poignée
soudain	7	13.62	2	0	soudain
délirer	7	13.73	2	0	délirer
pénible	7	13.75	2	0	pénible
charité	7	13.75	2	0	charité
insecte	7	13.79	2	0	insecte
conflit	7	13.79	2	0	conflit
mondial	7	13.79	2	0	mondial
accueil	7	13.83	2	0	accueil
pétrole	7	13.84	2	0	pétrole
guitare	7	13.86	2	0	guitare
fédéral	7	13.92	2	0	fédéral
traquer	7	13.97	2	0	traquer
oxygène	7	14.03	2	0	oxygène
arroser	7	14.07	2	0	arroser
échelle	7	14.09	2	0	échelle
griller	7	14.2	2	0	griller
chariot	7	14.4	2	0	chariot
logique	7	14.4	2	0	logique
figurer	7	14.41	2	0	figurer
auberge	7	14.44	2	0	auberge
exercer	7	14.53	2	0	exercer
larguer	7	14.61	2	0	larguer
symbole	7	14.95	2	0	symbole
claquer	7	15.13	2	0	claquer
terreur	7	15.18	2	0	terreur
adopter	7	15.18	2	0	adopter
suprême	7	15.26	2	0	suprême
soupçon	7	15.53	2	0	soupçon
discret	7	15.61	2	0	discret
dominer	7	15.66	2	0	dominer
braquer	7	15.68	2	0	braquer
galerie	7	15.69	2	0	galerie
congrès	7	15.77	2	0	congrès
lecture	7	15.8	2	0	lecture
tremper	7	15.88	2	0	tremper
fragile	7	15.89	2	0	fragile
tricher	7	16.16	2	0	tricher
panique	7	16.23	2	0	panique
hommage	7	16.45	2	0	hommage
séduire	7	16.48	2	0	séduire
gonfler	7	16.52	2	0	gonfler
dispute	7	16.54	2	0	dispute
brigade	7	16.65	2	0	brigade
baleine	7	16.68	2	0	baleine
langage	7	16.68	2	0	langage
marquis	7	16.69	2	0	marquis
missile	7	16.7	2	0	missile
douceur	7	16.87	2	0	douceur
féminin	7	16.88	2	0	féminin
pencher	7	16.9	2	0	pencher
automne	7	16.91	2	0	automne
atelier	7	16.95	2	0	atelier
matière	7	16.99	2	0	matière
peintre	7	17.02	2	0	peintre
plateau	7	17.17	2	0	plateau
positif	7	17.27	2	0	positif
diplôme	7	17.27	2	0	diplôme
épisode	7	17.32	2	0	épisode
envahir	7	17.37	2	0	envahir
arrière	7	17.38	2	0	arrière
évacuer	7	17.61	2	0	évacuer
patient	7	17.66	2	0	patient
pasteur	7	17.74	2	0	pasteur
dresser	7	17.88	2	0	dresser
cravate	7	17.92	2	0	cravate
branche	7	18.07	2	0	branche
opposer	7	18.2	2	0	opposer
parking	7	18.23	2	0	parking
progrès	7	18.52	2	0	progrès
boisson	7	18.55	2	0	boisson
démolir	7	18.81	2	0	démolir
soutien	7	18.87	2	0	soutien
secouer	7	19	2	0	secouer
contrer	7	19.15	2	0	contrer
correct	7	19.24	2	0	correct
bagarre	7	19.24	2	0	bagarre
sincère	7	19.51	2	0	sincère
mesurer	7	19.65	2	0	mesurer
drapeau	7	19.69	2	0	drapeau
dévorer	7	19.7	2	0	dévorer
tempête	7	19.73	2	0	tempête
collier	7	19.91	2	0	collier
hauteur	7	19.99	2	0	hauteur
version	7	20.09	2	0	version
liaison	7	20.34	2	0	liaison
section	7	20.34	2	0	section
légende	7	20.41	2	0	légende
diamant	7	20.56	2	0	diamant
appétit	7	20.98	2	0	appétit
réjouir	7	21.02	2	0	réjouir
publier	7	21.07	2	0	publier
réserve	7	21.11	2	0	réserve
serment	7	21.19	2	0	serment
craquer	7	21.23	2	0	craquer
tension	7	21.28	2	0	tension
moderne	7	21.3	2	0	moderne
chinois	7	21.34	2	0	chinois
renfort	7	21.41	2	0	renfort
estimer	7	21.41	2	0	estimer
placard	7	21.47	2	0	placard
immense	7	21.56	2	0	immense
domaine	7	21.57	2	0	domaine
étendre	7	21.9	2	0	étendre
cabinet	7	21.97	2	0	cabinet
bourrer	7	22.11	2	0	bourrer
exposer	7	22.42	2	0	exposer
soucier	7	22.45	2	0	soucier
délicat	7	22.52	2	0	délicat
facture	7	22.61	2	0	facture
culture	7	22.65	2	0	culture
honorer	7	22.65	2	0	honorer
surface	7	22.7	2	0	surface
absence	7	22.86	2	0	absence
pourrir	7	22.86	2	0	pourrir
achever	7	22.97	2	0	achever
rejeter	7	23.16	2	0	rejeter
divorce	7	23.23	2	0	divorce
analyse	7	23.26	2	0	analyse
épreuve	7	23.43	2	0	épreuve
estomac	7	23.56	2	0	estomac
absurde	7	23.59	2	0	absurde
imposer	7	23.62	2	0	imposer
piscine	7	23.62	2	0	piscine
annonce	7	23.76	2	0	annonce
bagnole	7	23.93	2	0	bagnole
élément	7	24.03	2	0	élément
gratuit	7	24.28	2	0	gratuit
balader	7	24.3	2	0	balader
boucler	7	24.61	2	0	boucler
sauvage	7	24.68	2	0	sauvage
écarter	7	24.83	2	0	écarter
méthode	7	24.87	2	0	méthode
attente	7	25.07	2	0	attente
creuser	7	25.11	2	0	creuser
épuiser	7	25.41	2	0	épuiser
période	7	25.65	2	0	période
fournir	7	25.67	2	0	fournir
émotion	7	26.33	2	0	émotion
établir	7	26.38	2	0	établir
colline	7	26.39	2	0	colline
baigner	7	26.42	2	0	baigner
salaire	7	26.43	2	0	salaire
secteur	7	26.5	2	0	secteur
souffle	7	26.98	2	0	souffle
fromage	7	27.22	2	0	fromage
repérer	7	27.23	2	0	repérer
vampire	7	27.27	2	0	vampire
chiffre	7	27.28	2	0	chiffre
monnaie	7	27.31	2	0	monnaie
suicide	7	27.33	2	0	suicide
sergent	7	27.36	2	0	sergent
royaume	7	27.79	2	0	royaume
vaincre	7	27.84	2	0	vaincre
réduire	7	27.88	2	0	réduire
cracher	7	27.93	2	0	cracher
exciter	7	28.01	2	0	exciter
mystère	7	28.03	2	0	mystère
origine	7	28.07	2	0	origine
décrire	7	28.31	2	0	décrire
suivant	7	28.81	2	0	suivant
envoler	7	28.82	2	0	envoler
croiser	7	28.84	2	0	croiser
briller	7	28.91	2	0	briller
effacer	7	29.02	2	0	effacer
qualité	7	29.13	2	0	qualité
couloir	7	29.17	2	0	couloir
complet	7	29.19	2	0	complet
amusant	7	29.36	2	0	amusant
citoyen	7	29.6	2	0	citoyen
station	7	29.71	2	0	station
hésiter	7	30.06	2	0	hésiter
feuille	7	30.1	2	0	feuille
éternel	7	30.53	2	0	éternel
échouer	7	30.62	2	0	échouer
avertir	7	30.8	2	0	avertir
médical	7	31.48	2	0	médical
concert	7	31.65	2	0	concert
célèbre	7	31.67	2	0	célèbre
plonger	7	31.96	2	0	plonger
serpent	7	32.2	2	0	serpent
théorie	7	32.38	2	0	théorie
admirer	7	32.39	2	0	admirer
révéler	7	32.7	2	0	révéler
rivière	7	32.73	2	0	rivière
science	7	32.97	2	0	science
enfance	7	33.01	2	0	enfance
paradis	7	33.23	2	0	paradis
essence	7	33.24	2	0	essence
lunette	7	33.33	2	0	lunette
fortune	7	33.62	2	0	fortune
embêter	7	33.91	2	0	embêter
univers	7	34.21	2	0	univers
curieux	7	34.36	2	0	curieux
glisser	7	34.75	2	0	glisser
saigner	7	34.86	2	0	saigner
visiter	7	34.92	2	0	visiter
inquiet	7	34.96	2	0	inquiet
affreux	7	34.96	2	0	affreux
peindre	7	36.05	2	0	peindre
sourire	7	36.08	2	0	sourire
prudent	7	37.6	2	0	prudent
millier	7	37.94	2	0	millier
planter	7	38.29	2	0	planter
veiller	7	38.41	2	0	veiller
aveugle	7	38.53	2	0	aveugle
bloquer	7	38.62	2	0	bloquer
ajouter	7	38.88	2	0	ajouter
chaleur	7	39.13	2	0	chaleur
relever	7	39.49	2	0	relever
manteau	7	39.97	2	0	manteau
explorer	8	10	2	0	explorer
académie	8	10.03	2	0	académie
désigner	8	10.04	2	0	désigner
lointain	8	10.12	2	0	lointain
cocktail	8	10.27	2	0	cocktail
cultiver	8	10.3	2	0	cultiver
quantité	8	10.3	2	0	quantité
migraine	8	10.32	2	0	migraine
diffuser	8	10.33	2	0	diffuser
vulgaire	8	10.36	2	0	vulgaire
coiffure	8	10.46	2	0	coiffure
terrasse	8	10.57	2	0	terrasse
déprimer	8	10.61	2	0	déprimer
récolter	8	10.65	2	0	récolter
obstacle	8	10.65	2	0	obstacle
héritier	8	10.82	2	0	héritier
trottoir	8	10.87	2	0	trottoir
messager	8	10.87	2	0	messager
modifier	8	10.9	2	0	modifier
retomber	8	11.04	2	0	retomber
harceler	8	11.12	2	0	harceler
ambition	8	11.15	2	0	ambition
remarque	8	11.24	2	0	remarque
familier	8	11.3	2	0	familier
dérouler	8	11.37	2	0	dérouler
tonnerre	8	11.4	2	0	tonnerre
évidence	8	11.47	2	0	évidence
troupeau	8	11.48	2	0	troupeau
mouchoir	8	11.53	2	0	mouchoir
descente	8	11.59	2	0	descente
grossier	8	11.64	2	0	grossier
symptôme	8	11.64	2	0	symptôme
caravane	8	11.64	2	0	caravane
domicile	8	11.69	2	0	domicile
implorer	8	11.88	2	0	implorer
retarder	8	11.89	2	0	retarder
coopérer	8	11.91	2	0	coopérer
trancher	8	11.97	2	0	trancher
refermer	8	11.97	2	0	refermer
province	8	12.01	2	0	province
tragique	8	12.13	2	0	tragique
priorité	8	12.15	2	0	priorité
calculer	8	12.19	2	0	calculer
trinquer	8	12.21	2	0	trinquer
déplaire	8	12.23	2	0	déplaire
autopsie	8	12.23	2	0	autopsie
cheville	8	12.24	2	0	cheville
corriger	8	12.24	2	0	corriger
papillon	8	12.28	2	0	papillon
prophète	8	12.36	2	0	prophète
ambiance	8	12.37	2	0	ambiance
rétablir	8	12.38	2	0	rétablir
destiner	8	12.52	2	0	destiner
découper	8	12.71	2	0	découper
tabasser	8	12.71	2	0	tabasser
procurer	8	12.77	2	0	procurer
désastre	8	12.82	2	0	désastre
querelle	8	12.84	2	0	querelle
douzaine	8	12.89	2	0	douzaine
procéder	8	12.91	2	0	procéder
chantier	8	12.96	2	0	chantier
tendance	8	12.98	2	0	tendance
chapitre	8	13	2	0	chapitre
division	8	13.07	2	0	division
rajouter	8	13.09	2	0	rajouter
assommer	8	13.09	2	0	assommer
demeurer	8	13.18	2	0	demeurer
anéantir	8	13.18	2	0	anéantir
pratique	8	13.18	2	0	pratique
richesse	8	13.21	2	0	richesse
agresser	8	13.39	2	0	agresser
bracelet	8	13.45	2	0	bracelet
aussitôt	8	13.52	2	0	aussitôt
thérapie	8	13.63	2	0	thérapie
désordre	8	13.64	2	0	désordre
écriture	8	13.65	2	0	écriture
provenir	8	13.66	2	0	provenir
jalousie	8	13.67	2	0	jalousie
associer	8	13.67	2	0	associer
gendarme	8	13.67	2	0	gendarme
magicien	8	13.76	2	0	magicien
revanche	8	13.81	2	0	revanche
cueillir	8	13.84	2	0	cueillir
football	8	13.93	2	0	football
écrouler	8	13.98	2	0	écrouler
audience	8	14.02	2	0	audience
rarement	8	14.05	2	0	rarement
composer	8	14.07	2	0	composer
légitime	8	14.08	2	0	légitime
batterie	8	14.24	2	0	batterie
syndicat	8	14.25	2	0	syndicat
aiguille	8	14.34	2	0	aiguille
touriste	8	14.36	2	0	touriste
mélanger	8	14.36	2	0	mélanger
consoler	8	14.41	2	0	consoler
bouclier	8	14.45	2	0	bouclier
délivrer	8	14.45	2	0	délivrer
efficace	8	14.54	2	0	efficace
cervelle	8	14.56	2	0	cervelle
attentat	8	14.58	2	0	attentat
munition	8	14.68	2	0	munition
déguiser	8	14.89	2	0	déguiser
mépriser	8	15.05	2	0	mépriser
circuler	8	15.19	2	0	circuler
fabuleux	8	15.34	2	0	fabuleux
éléphant	8	15.36	2	0	éléphant
individu	8	15.38	2	0	individu
analyser	8	15.4	2	0	analyser
dentiste	8	15.4	2	0	dentiste
traduire	8	15.41	2	0	traduire
tragédie	8	15.59	2	0	tragédie
affirmer	8	15.61	2	0	affirmer
business	8	15.62	2	0	business
habituel	8	15.66	2	0	habituel
familial	8	15.66	2	0	familial
caresser	8	15.69	2	0	caresser
déborder	8	15.75	2	0	déborder
offenser	8	15.79	2	0	offenser
saucisse	8	15.89	2	0	saucisse
humilier	8	16.01	2	0	humilier
affecter	8	16.1	2	0	affecter
excitant	8	16.14	2	0	excitant
médaille	8	16.32	2	0	médaille
troubler	8	16.33	2	0	troubler
bavarder	8	16.43	2	0	bavarder
investir	8	16.5	2	0	investir
adjudant	8	16.6	2	0	adjudant
habitant	8	16.68	2	0	habitant
dialogue	8	16.71	2	0	dialogue
défoncer	8	16.85	2	0	défoncer
instinct	8	16.95	2	0	instinct
économie	8	16.97	2	0	économie
éveiller	8	17.28	2	0	éveiller
racheter	8	17.33	2	0	racheter
ralentir	8	17.42	2	0	ralentir
trouille	8	17.43	2	0	trouille
célébrer	8	17.5	2	0	célébrer
milliard	8	17.52	2	0	milliard
capturer	8	17.67	2	0	capturer
candidat	8	17.7	2	0	candidat
angoisse	8	17.82	2	0	angoisse
éclairer	8	18.03	2	0	éclairer
araignée	8	18.2	2	0	araignée
dégoûter	8	18.39	2	0	dégoûter
trahison	8	18.61	2	0	trahison
planquer	8	18.79	2	0	planquer
négocier	8	18.82	2	0	négocier
alliance	8	18.85	2	0	alliance
emballer	8	18.86	2	0	emballer
évanouir	8	18.93	2	0	évanouir
franchir	8	18.93	2	0	franchir
criminel	8	19.06	2	0	criminel
scénario	8	19.14	2	0	scénario
illusion	8	19.14	2	0	illusion
fauteuil	8	19.27	2	0	fauteuil
mouiller	8	19.36	2	0	mouiller
physique	8	19.42	2	0	physique
employer	8	19.47	2	0	employer
commerce	8	19.57	2	0	commerce
solitude	8	19.64	2	0	solitude
enquêter	8	19.65	2	0	enquêter
détacher	8	19.69	2	0	détacher
garantir	8	19.74	2	0	garantir
paniquer	8	19.76	2	0	paniquer
sénateur	8	19.77	2	0	sénateur
incendie	8	19.84	2	0	incendie
étonnant	8	19.85	2	0	étonnant
reparler	8	19.93	2	0	reparler
réfléchi	8	20.28	2	0	réfléchi
brancher	8	20.34	2	0	brancher
répandre	8	20.39	2	0	répandre
ennuyeux	8	20.42	2	0	ennuyeux
vieillir	8	20.47	2	0	vieillir
scandale	8	20.92	2	0	scandale
espagnol	8	20.94	2	0	espagnol
réclamer	8	21	2	0	réclamer
disposer	8	21.07	2	0	disposer
décoller	8	21.15	2	0	décoller
assiette	8	21.24	2	0	assiette
poubelle	8	21.34	2	0	poubelle
officiel	8	21.36	2	0	officiel
relâcher	8	21.4	2	0	relâcher
magazine	8	21.42	2	0	magazine
pourvoir	8	21.48	2	0	pourvoir
mercredi	8	21.48	2	0	mercredi
soulager	8	21.57	2	0	soulager
chauffer	8	21.75	2	0	chauffer
fonction	8	21.95	2	0	fonction
véhicule	8	22.08	2	0	véhicule
cercueil	8	22.14	2	0	cercueil
ceinture	8	22.57	2	0	ceinture
exercice	8	22.66	2	0	exercice
parvenir	8	22.73	2	0	parvenir
attitude	8	23.03	2	0	attitude
couronne	8	23.15	2	0	couronne
enfoncer	8	23.3	2	0	enfoncer
éprouver	8	23.35	2	0	éprouver
médecine	8	23.51	2	0	médecine
chouette	8	23.77	2	0	chouette
courrier	8	23.98	2	0	courrier
entourer	8	23.99	2	0	entourer
soulever	8	24.26	2	0	soulever
écrivain	8	24.57	2	0	écrivain
avantage	8	24.63	2	0	avantage
précieux	8	24.66	2	0	précieux
religion	8	24.68	2	0	religion
document	8	24.86	2	0	document
exécuter	8	25.02	2	0	exécuter
inscrire	8	25.41	2	0	inscrire
empereur	8	25.55	2	0	empereur
torturer	8	25.55	2	0	torturer
semblant	8	25.63	2	0	semblant
comparer	8	25.84	2	0	comparer
principe	8	26.36	2	0	principe
épargner	8	26.39	2	0	épargner
poitrine	8	26.45	2	0	poitrine
déchirer	8	26.46	2	0	déchirer
boutique	8	26.53	2	0	boutique
inspirer	8	26.56	2	0	inspirer
atterrir	8	26.73	2	0	atterrir
sensible	8	26.79	2	0	sensible
repasser	8	26.91	2	0	repasser
insulter	8	26.93	2	0	insulter
exagérer	8	26.93	2	0	exagérer
cuisiner	8	27.13	2	0	cuisiner
conclure	8	27.26	2	0	conclure
échanger	8	27.38	2	0	échanger
divorcer	8	27.5	2	0	divorcer
signaler	8	27.92	2	0	signaler
souffler	8	28.33	2	0	souffler
étouffer	8	28.5	2	0	étouffer
jeunesse	8	28.71	2	0	jeunesse
suggérer	8	29	2	0	suggérer
centaine	8	29.22	2	0	centaine
rassurer	8	29.25	2	0	rassurer
peinture	8	29.53	2	0	peinture
dénoncer	8	29.57	2	0	dénoncer
aventure	8	29.66	2	0	aventure
brillant	8	29.89	2	0	brillant
dessiner	8	29.97	2	0	dessiner
exprimer	8	30.02	2	0	exprimer
contenir	8	30.07	2	0	contenir
éliminer	8	30.28	2	0	éliminer
assister	8	30.57	2	0	assister
patience	8	30.68	2	0	patience
adresser	8	30.71	2	0	adresser
dépenser	8	31.1	2	0	dépenser
étranger	8	31.39	2	0	étranger
habituer	8	31.89	2	0	habituer
bataille	8	32.02	2	0	bataille
promesse	8	32.2	2	0	promesse
escalier	8	32.29	2	0	escalier
cassette	8	32.4	2	0	cassette
vendredi	8	32.49	2	0	vendredi
autorité	8	32.95	2	0	autorité
décevoir	8	33.23	2	0	décevoir
trembler	8	34.13	2	0	trembler
réserver	8	34.31	2	0	réserver
identité	8	34.78	2	0	identité
pistolet	8	34.92	2	0	pistolet
victoire	8	34.96	2	0	victoire
champion	8	35.02	2	0	champion
continue	8	35.19	2	0	continue
créature	8	35.22	2	0	créature
soutenir	8	35.56	2	0	soutenir
démarrer	8	35.67	2	0	démarrer
examiner	8	36.36	2	0	examiner
indiquer	8	36.49	2	0	indiquer
carrière	8	36.54	2	0	carrière
ordonner	8	36.73	2	0	ordonner
effrayer	8	37.04	2	0	effrayer
informer	8	37.42	2	0	informer
pantalon	8	37.55	2	0	pantalon
promener	8	37.8	2	0	promener
tribunal	8	37.98	2	0	tribunal
déplacer	8	38.63	2	0	déplacer
convenir	8	38.82	2	0	convenir
résister	8	38.91	2	0	résister
collègue	8	38.93	2	0	collègue
innocent	8	39.31	2	0	innocent
disputer	8	39.31	2	0	disputer
retraite	8	39.45	2	0	retraite
puissant	8	39.99	2	0	puissant
gare	4	42.15	3	0	gare
stop	4	44.5	3	0	stop
sort	4	44.8	3	0	sort
mine	4	48.08	3	0	mine
toit	4	49.01	3	0	toit
code	4	51.27	3	0	code
vert	4	52.59	3	0	vert
dire	4	53.88	3	0	dire
zone	4	53.94	3	0	zone
test	4	55.38	3	0	test
voie	4	56.06	3	0	voie
pont	4	56.43	3	0	pont
bête	4	56.55	3	0	bête
acte	4	56.81	3	0	acte
goût	4	57.94	3	0	goût
base	4	59.22	3	0	base
neuf	4	59.45	3	0	neuf
lait	4	59.62	3	0	lait
vide	4	60.33	3	0	vide
lune	4	61.02	3	0	lune
note	4	62.82	3	0	note
taxi	4	63.77	3	0	taxi
juge	4	66.45	3	0	juge
club	4	67.51	3	0	club
pain	4	67.58	3	0	pain
tort	4	67.97	3	0	tort
haut	4	68.05	3	0	haut
ange	4	69.27	3	0	ange
bleu	4	70.61	3	0	bleu
cour	4	71.8	3	0	cour
hors	4	71.94	3	0	hors
soin	4	71.99	3	0	soin
dent	4	74.2	3	0	dent
bain	4	74.48	3	0	bain
joie	4	75.09	3	0	joie
fuir	4	76.82	3	0	fuir
vent	4	77.34	3	0	vent
fier	4	79.13	3	0	fier
près	4	79.53	3	0	près
bord	4	79.9	3	0	bord
robe	4	84.43	3	0	robe
peau	4	87.47	3	0	peau
doux	4	89.14	3	0	doux
mort	4	89.29	3	0	mort
oser	4	90.2	3	0	oser
trou	4	90.72	3	0	trou
chat	4	93	3	0	chat
fort	4	95.28	3	0	fort
pire	4	98.83	3	0	pire
coin	4	99.51	3	0	coin
geste	5	40.78	3	0	geste
front	5	41.03	3	0	front
titre	5	41.35	3	0	titre
leçon	5	41.48	3	0	leçon
malin	5	41.49	3	0	malin
punir	5	41.7	3	0	punir
pomme	5	42.35	3	0	pomme
lycée	5	42.56	3	0	lycée
mètre	5	43.49	3	0	mètre
étude	5	44.22	3	0	étude
adieu	5	44.44	3	0	adieu
utile	5	44.99	3	0	utile
obéir	5	45.12	3	0	obéir
désir	5	45.35	3	0	désir
ombre	5	45.67	3	0	ombre
larme	5	45.71	3	0	larme
objet	5	45.94	3	0	objet
pluie	5	46.1	3	0	pluie
frais	5	46.43	3	0	frais
louer	5	48.08	3	0	louer
plage	5	48.19	3	0	plage
repas	5	48.53	3	0	repas
fusil	5	48.61	3	0	fusil
bénir	5	48.77	3	0	bénir
souci	5	49.47	3	0	souci
odeur	5	49.57	3	0	odeur
poche	5	49.65	3	0	poche
tombe	5	49.67	3	0	tombe
crise	5	50.15	3	0	crise
moyen	5	50.69	3	0	moyen
arrêt	5	50.88	3	0	arrêt
danse	5	51.23	3	0	danse
usine	5	51.59	3	0	usine
piste	5	51.77	3	0	piste
folie	5	52.39	3	0	folie
mêler	5	53.84	3	0	mêler
genou	5	54.24	3	0	genou
juger	5	56.12	3	0	juger
faîte	5	56.42	3	0	faîte
champ	5	57.22	3	0	champ
gêner	5	57.76	3	0	gêner
reine	5	59.05	3	0	reine
trace	5	60.18	3	0	trace
taper	5	61.07	3	0	taper
match	5	63.48	3	0	match
époux	5	65.34	3	0	époux
calme	5	66.57	3	0	calme
glace	5	66.82	3	0	glace
parmi	5	69.17	3	0	parmi
liste	5	71.56	3	0	liste
ravir	5	72.67	3	0	ravir
riche	5	73.85	3	0	riche
laver	5	74.35	3	0	laver
durer	5	74.39	3	0	durer
pitié	5	76.38	3	0	pitié
héros	5	76.58	3	0	héros
tante	5	76.62	3	0	tante
ennui	5	76.64	3	0	ennui
droit	5	77.74	3	0	droit
radio	5	78.23	3	0	radio
bande	5	78.36	3	0	bande
chéri	5	78.54	3	0	chéri
règle	5	79.51	3	0	règle
rater	5	80.45	3	0	rater
selon	5	81.4	3	0	selon
bière	5	81.67	3	0	bière
arbre	5	81.69	3	0	arbre
image	5	82.13	3	0	image
signe	5	82.73	3	0	signe
poste	5	82.87	3	0	poste
chaud	5	84.16	3	0	chaud
créer	5	85.17	3	0	créer
doigt	5	85.69	3	0	doigt
virer	5	86.3	3	0	virer
exact	5	86.8	3	0	exact
santé	5	88.69	3	0	santé
boîte	5	88.81	3	0	boîte
enfer	5	88.86	3	0	enfer
ligne	5	89.83	3	0	ligne
forme	5	94.19	3	0	forme
fumer	5	98.49	3	0	fumer
fleur	5	99.75	3	0	fleur
mener	5	99.86	3	0	mener
chaise	6	40.02	3	0	chaise
filmer	6	40.08	3	0	filmer
nombre	6	40.16	3	0	nombre
marque	6	40.29	3	0	marque
alcool	6	41.3	3	0	alcool
rompre	6	41.37	3	0	rompre
réunir	6	41.93	3	0	réunir
oeuvre	6	41.96	3	0	oeuvre
effort	6	42.7	3	0	effort
taille	6	43.17	3	0	taille
espace	6	43.87	3	0	espace
viande	6	44.43	3	0	viande
jaloux	6	44.67	3	0	jaloux
guérir	6	44.73	3	0	guérir
public	6	44.81	3	0	public
mordre	6	44.85	3	0	mordre
paquet	6	44.96	3	0	paquet
saluer	6	45.09	3	0	saluer
valeur	6	45.4	3	0	valeur
procès	6	45.41	3	0	procès
unique	6	45.43	3	0	unique
nommer	6	45.6	3	0	nommer
presse	6	45.77	3	0	presse
siècle	6	45.77	3	0	siècle
gauche	6	45.88	3	0	gauche
source	6	46.44	3	0	source
malgré	6	46.5	3	0	malgré
samedi	6	46.53	3	0	samedi
fâcher	6	46.63	3	0	fâcher
trahir	6	46.83	3	0	trahir
ventre	6	46.91	3	0	ventre
couler	6	47.56	3	0	couler
examen	6	47.77	3	0	examen
sortie	6	47.81	3	0	sortie
chasse	6	47.99	3	0	chasse
hasard	6	48.07	3	0	hasard
montre	6	48.4	3	0	montre
rapide	6	48.73	3	0	rapide
énorme	6	49.27	3	0	énorme
gâcher	6	49.57	3	0	gâcher
couple	6	49.62	3	0	couple
trésor	6	49.92	3	0	trésor
niveau	6	50.7	3	0	niveau
serrer	6	50.99	3	0	serrer
valise	6	50.99	3	0	valise
coller	6	51.31	3	0	coller
élever	6	52.03	3	0	élever
second	6	52.5	3	0	second
destin	6	53.03	3	0	destin
marche	6	53.17	3	0	marche
étoile	6	54.63	3	0	étoile
métier	6	55.03	3	0	métier
gâteau	6	55.19	3	0	gâteau
briser	6	55.2	3	0	briser
proche	6	55.34	3	0	proche
pardon	6	55.62	3	0	pardon
détail	6	55.78	3	0	détail
membre	6	56.06	3	0	membre
caméra	6	56.18	3	0	caméra
livrer	6	56.53	3	0	livrer
centre	6	57	3	0	centre
devant	6	59.06	3	0	devant
camion	6	59.46	3	0	camion
jardin	6	60.21	3	0	jardin
regard	6	61.35	3	0	regard
avouer	6	61.56	3	0	avouer
excuse	6	61.58	3	0	excuse
rouler	6	61.82	3	0	rouler
prêter	6	62	3	0	prêter
secret	6	62.68	3	0	secret
cinéma	6	63.49	3	0	cinéma
devoir	6	63.59	3	0	devoir
causer	6	63.66	3	0	causer
espoir	6	64.22	3	0	espoir
forcer	6	64.64	3	0	forcer
église	6	64.75	3	0	église
combat	6	64.83	3	0	combat
enfuir	6	65.13	3	0	enfuir
pierre	6	67.17	3	0	pierre
cesser	6	68.11	3	0	cesser
époque	6	68.44	3	0	époque
colère	6	68.9	3	0	colère
langue	6	69.11	3	0	langue
avance	6	69.25	3	0	avance
risque	6	69.33	3	0	risque
projet	6	69.59	3	0	projet
mignon	6	69.71	3	0	mignon
course	6	72.48	3	0	course
laisse	6	72.53	3	0	laisse
beauté	6	72.56	3	0	beauté
avenir	6	72.61	3	0	avenir
blague	6	72.63	3	0	blague
ancien	6	73.16	3	0	ancien
sonner	6	73.67	3	0	sonner
cousin	6	73.87	3	0	cousin
acteur	6	74.77	3	0	acteur
témoin	6	74.78	3	0	témoin
entier	6	76.01	3	0	entier
bosser	6	76.28	3	0	bosser
dedans	6	76.55	3	0	dedans
oiseau	6	77.73	3	0	oiseau
douter	6	77.77	3	0	douter
classe	6	78.99	3	0	classe
banque	6	79.35	3	0	banque
tenter	6	79.75	3	0	tenter
danger	6	80.61	3	0	danger
parier	6	81.96	3	0	parier
coûter	6	83.15	3	0	coûter
billet	6	83.87	3	0	billet
régler	6	85.81	3	0	régler
autour	6	87.02	3	0	autour
éviter	6	87.47	3	0	éviter
bouche	6	90.03	3	0	bouche
debout	6	91.81	3	0	debout
ficher	6	97.84	3	0	ficher
signer	6	98.19	3	0	signer
prince	6	98.9	3	0	prince
visite	6	99.95	3	0	visite
vitesse	7	40.12	3	0	vitesse
appuyer	7	40.95	3	0	appuyer
éclater	7	41.33	3	0	éclater
théâtre	7	41.49	3	0	théâtre
confier	7	41.5	3	0	confier
annuler	7	42.11	3	0	annuler
profond	7	42.41	3	0	profond
cellule	7	42.98	3	0	cellule
énergie	7	43.06	3	0	énergie
majesté	7	43.43	3	0	majesté
abattre	7	43.47	3	0	abattre
chemise	7	43.66	3	0	chemise
château	7	43.68	3	0	château
marquer	7	43.78	3	0	marquer
faillir	7	44.19	3	0	faillir
article	7	44.45	3	0	article
sommeil	7	44.53	3	0	sommeil
voyager	7	45.74	3	0	voyager
joindre	7	46.37	3	0	joindre
volonté	7	47.08	3	0	volonté
fantôme	7	48.23	3	0	fantôme
menacer	7	49.63	3	0	menacer
tableau	7	50.11	3	0	tableau
moindre	7	50.12	3	0	moindre
nerveux	7	50.4	3	0	nerveux
défense	7	50.94	3	0	défense
justice	7	50.96	3	0	justice
costume	7	51.42	3	0	costume
reculer	7	52.15	3	0	reculer
presser	7	52.28	3	0	presser
nourrir	7	52.53	3	0	nourrir
terrain	7	52.58	3	0	terrain
accuser	7	52.72	3	0	accuser
urgence	7	53.03	3	0	urgence
déposer	7	53.09	3	0	déposer
contrat	7	53.23	3	0	contrat
méchant	7	53.37	3	0	méchant
superbe	7	53.42	3	0	superbe
étonner	7	53.63	3	0	étonner
présent	7	53.7	3	0	présent
énerver	7	53.83	3	0	énerver
honnête	7	53.89	3	0	honnête
écraser	7	54.42	3	0	écraser
respect	7	54.78	3	0	respect
allumer	7	54.8	3	0	allumer
attirer	7	54.91	3	0	attirer
chapeau	7	54.91	3	0	chapeau
chasser	7	54.93	3	0	chasser
environ	7	55.55	3	0	environ
miracle	7	56.89	3	0	miracle
malheur	7	56.89	3	0	malheur
coincer	7	56.95	3	0	coincer
enquête	7	57.98	3	0	enquête
couteau	7	58.15	3	0	couteau
refaire	7	58.27	3	0	refaire
attaque	7	59.92	3	0	attaque
magasin	7	60.62	3	0	magasin
mémoire	7	60.87	3	0	mémoire
planète	7	61.11	3	0	planète
remplir	7	61.21	3	0	remplir
cerveau	7	61.59	3	0	cerveau
ennuyer	7	62.48	3	0	ennuyer
grandir	7	63.99	3	0	grandir
demande	7	64.64	3	0	demande
morceau	7	64.78	3	0	morceau
diriger	7	65.1	3	0	diriger
traîner	7	65.49	3	0	traîner
dommage	7	65.59	3	0	dommage
travers	7	65.6	3	0	travers
désirer	7	65.63	3	0	désirer
maladie	7	66.04	3	0	maladie
séparer	7	66.22	3	0	séparer
réparer	7	67.7	3	0	réparer
machine	7	67.72	3	0	machine
engager	7	68.22	3	0	engager
contact	7	69.85	3	0	contact
courage	7	70.73	3	0	courage
étudier	7	70.9	3	0	étudier
retenir	7	71.58	3	0	retenir
stupide	7	71.75	3	0	stupide
manière	7	72.31	3	0	manière
deviner	7	72.77	3	0	deviner
oreille	7	73.54	3	0	oreille
adresse	7	73.92	3	0	adresse
société	7	75.46	3	0	société
libérer	7	75.77	3	0	libérer
douleur	7	75.89	3	0	douleur
capable	7	76.85	3	0	capable
système	7	76.92	3	0	système
prévoir	7	78.22	3	0	prévoir
bonheur	7	78.74	3	0	bonheur
dossier	7	78.91	3	0	dossier
liberté	7	79.53	3	0	liberté
retirer	7	80.26	3	0	retirer
intérêt	7	81.09	3	0	intérêt
poisson	7	81.51	3	0	poisson
couleur	7	82.25	3	0	couleur
spécial	7	83.73	3	0	spécial
chanson	7	84.92	3	0	chanson
mission	7	85.24	3	0	mission
étrange	7	85.61	3	0	étrange
conseil	7	87.14	3	0	conseil
cuisine	7	87.92	3	0	cuisine
obtenir	7	88.08	3	0	obtenir
couvrir	7	88.29	3	0	couvrir
prouver	7	88.83	3	0	prouver
fenêtre	7	90.55	3	0	fenêtre
obliger	7	91.63	3	0	obliger
charger	7	93.02	3	0	charger
exemple	7	93.2	3	0	exemple
reposer	7	95.2	3	0	reposer
avancer	7	95.62	3	0	avancer
village	7	95.82	3	0	village
mériter	7	97.06	3	0	mériter
réponse	7	97.06	3	0	réponse
répéter	7	98.31	3	0	répéter
balancer	8	40.12	3	0	balancer
résoudre	8	40.95	3	0	résoudre
allonger	8	41.05	3	0	allonger
éloigner	8	41.15	3	0	éloigner
allemand	8	41.32	3	0	allemand
ministre	8	41.41	3	0	ministre
violence	8	41.45	3	0	violence
déclarer	8	41.59	3	0	déclarer
renoncer	8	41.65	3	0	renoncer
blessure	8	41.81	3	0	blessure
insister	8	42.16	3	0	insister
fouiller	8	42.37	3	0	fouiller
dépasser	8	42.62	3	0	dépasser
observer	8	42.66	3	0	observer
posséder	8	42.76	3	0	posséder
ramasser	8	43.76	3	0	ramasser
deuxième	8	43.97	3	0	deuxième
détendre	8	44.39	3	0	détendre
présence	8	45.03	3	0	présence
attacher	8	46.37	3	0	attacher
endormir	8	48.19	3	0	endormir
enceinte	8	48.6	3	0	enceinte
produire	8	49.81	3	0	produire
admettre	8	50.05	3	0	admettre
campagne	8	51.12	3	0	campagne
déjeuner	8	51.34	3	0	déjeuner
appareil	8	51.53	3	0	appareil
accorder	8	52.27	3	0	accorder
supplier	8	53.66	3	0	supplier
exploser	8	53.79	3	0	exploser
inventer	8	53.96	3	0	inventer
arracher	8	54.19	3	0	arracher
charmant	8	54.51	3	0	charmant
officier	8	55.35	3	0	officier
annoncer	8	55.67	3	0	annoncer
éteindre	8	57.32	3	0	éteindre
habiller	8	58.27	3	0	habiller
enfermer	8	58.81	3	0	enfermer
repartir	8	58.84	3	0	repartir
renvoyer	8	59.22	3	0	renvoyer
résultat	8	59.47	3	0	résultat
parfaire	8	60.06	3	0	parfaire
dépendre	8	60.33	3	0	dépendre
mensonge	8	61.05	3	0	mensonge
plaindre	8	61.25	3	0	plaindre
ridicule	8	61.57	3	0	ridicule
occasion	8	61.89	3	0	occasion
nettoyer	8	61.95	3	0	nettoyer
solution	8	61.96	3	0	solution
montagne	8	62.01	3	0	montagne
toilette	8	62.84	3	0	toilette
souvenir	8	63.24	3	0	souvenir
survivre	8	63.62	3	0	survivre
enterrer	8	63.68	3	0	enterrer
quartier	8	65.7	3	0	quartier
contrôle	8	66.28	3	0	contrôle
pleuvoir	8	67.17	3	0	pleuvoir
profiter	8	67.2	3	0	profiter
horrible	8	67.22	3	0	horrible
emporter	8	69.02	3	0	emporter
proposer	8	70.02	3	0	proposer
réaliser	8	71.27	3	0	réaliser
remonter	8	71.33	3	0	remonter
derrière	8	73.39	3	0	derrière
relation	8	74.95	3	0	relation
respirer	8	76.08	3	0	respirer
camarade	8	77.81	3	0	camarade
fatiguer	8	78.25	3	0	fatiguer
défendre	8	78.55	3	0	défendre
partager	8	79.08	3	0	partager
vaisseau	8	83.39	3	0	vaisseau
terrible	8	87.66	3	0	terrible
échapper	8	95.07	3	0	échapper
pourtant	8	95.8	3	0	pourtant
discuter	8	96.42	3	0	discuter
habitude	8	98.22	3	0	habitude
attaquer	8	99.63	3	0	attaquer
fond	4	110.07	4	0	fond
dame	4	111.2	4	0	dame
camp	4	114.93	4	0	camp
faux	4	122.23	4	0	faux
face	4	125.32	4	0	face
prix	4	126.55	4	0	prix
faim	4	128.04	4	0	faim
voix	4	130.83	4	0	voix
avis	4	139.22	4	0	avis
ciel	4	142.32	4	0	ciel
noir	4	144.81	4	0	noir
paix	4	144.86	4	0	paix
état	4	145.72	4	0	état
sale	4	146.86	4	0	sale
bras	4	149.26	4	0	bras
fête	4	155.97	4	0	fête
rêve	4	158.75	4	0	rêve
long	4	164.02	4	0	long
aide	4	175.59	4	0	aide
lieu	4	182	4	0	lieu
bébé	4	191.63	4	0	bébé
tour	4	193.82	4	0	tour
agir	4	195.94	4	0	agir
pays	4	202.57	4	0	pays
chef	4	205.26	4	0	chef
cher	4	205.75	4	0	cher
pied	4	214.08	4	0	pied
arme	4	220.22	4	0	arme
hier	4	223.77	4	0	hier
joli	4	226.45	4	0	joli
loin	4	248.34	4	0	loin
film	4	252.66	4	0	film
papa	4	259.01	4	0	papa
mari	4	264.15	4	0	mari
gros	4	266.95	4	0	gros
côté	4	285.99	4	0	côté
gars	4	289.63	4	0	gars
sang	4	304.75	4	0	sang
part	4	305.89	4	0	part
mois	4	312.31	4	0	mois
prêt	4	314.64	4	0	prêt
tard	4	350.38	4	0	tard
tant	4	380.34	4	0	tant
truc	4	381.34	4	0	truc
idée	4	389.77	4	0	idée
même	4	402.93	4	0	même
oeil	4	413.04	4	0	oeil
coup	4	471.82	4	0	coup
tête	4	475.87	4	0	tête
main	4	499.6	4	0	main
peur	4	557.21	4	0	peur
soir	4	575.7	4	0	soir
gens	4	594.29	4	0	gens
donc	4	612.51	4	0	donc
beau	4	671.86	4	0	beau
déjà	4	681.89	4	0	déjà
mère	4	686.79	4	0	mère
vrai	4	807.03	4	0	vrai
chez	4	842.18	4	0	chez
trop	4	859.54	4	0	trop
seul	4	891.45	4	0	seul
père	4	895.55	4	0	père
fois	4	899.25	4	0	fois
dieu	4	903.41	4	0	dieu
sans	4	1003.44	4	0	sans
jour	4	1061.92	4	0	jour
quoi	4	1558.22	4	0	quoi
très	4	1589.92	4	0	très
tout	4	2948.75	4	0	tout
avec	4	3704.89	4	0	avec
voir	4	4119.43	4	0	voir
dans	4	4658.59	4	0	dans
être	4	8074.24	4	0	être
appel	5	100.18	4	0	appel
filer	5	100.97	4	0	filer
rouge	5	102.93	4	0	rouge
honte	5	103.4	4	0	honte
crime	5	104.07	4	0	crime
garde	5	104.47	4	0	garde
scène	5	107.96	4	0	scène
doute	5	108.18	4	0	doute
choix	5	113.35	4	0	choix
jambe	5	113.82	4	0	jambe
début	5	114.31	4	0	début
hôtel	5	114.67	4	0	hôtel
sorte	5	114.73	4	0	sorte
effet	5	116.75	4	0	effet
salle	5	116.91	4	0	salle
crier	5	116.94	4	0	crier
agent	5	117.9	4	0	agent
table	5	118.37	4	0	table
blanc	5	118.74	4	0	blanc
balle	5	122.07	4	0	balle
clair	5	122.69	4	0	clair
rêver	5	122.95	4	0	rêver
oncle	5	126.71	4	0	oncle
froid	5	127.22	4	0	froid
avion	5	128.35	4	0	avion
libre	5	134.42	4	0	libre
grave	5	142.48	4	0	grave
drôle	5	144.48	4	0	drôle
carte	5	144.96	4	0	carte
jurer	5	148.41	4	0	jurer
pièce	5	151.1	4	0	pièce
taire	5	154.46	4	0	taire
route	5	166.72	4	0	route
faute	5	169.26	4	0	faute
verre	5	176.57	4	0	verre
soeur	5	184.99	4	0	soeur
après	5	193.68	4	0	après
livre	5	198.11	4	0	livre
peine	5	199.75	4	0	peine
école	5	206.88	4	0	école
ainsi	5	207.68	4	0	ainsi
plein	5	208.75	4	0	plein
photo	5	209.1	4	0	photo
envie	5	213.96	4	0	envie
reste	5	214.54	4	0	reste
poser	5	217.2	4	0	poser
ordre	5	217.25	4	0	ordre
cause	5	218.6	4	0	cause
genre	5	221.51	4	0	genre
chien	5	223.53	4	0	chien
façon	5	230.48	4	0	façon
voler	5	238.82	4	0	voler
coeur	5	239.97	4	0	coeur
corps	5	250.15	4	0	corps
train	5	255.28	4	0	train
enfin	5	265.83	4	0	enfin
matin	5	275.01	4	0	matin
suite	5	275.9	4	0	suite
salut	5	277.42	4	0	salut
voici	5	277.59	4	0	voici
vieux	5	282.2	4	0	vieux
terre	5	294.45	4	0	terre
ville	5	295.14	4	0	ville
jeune	5	297.01	4	0	jeune
place	5	301.3	4	0	place
prier	5	313.12	4	0	prier
année	5	316.25	4	0	année
porte	5	333.85	4	0	porte
entre	5	372.72	4	0	entre
merci	5	379.38	4	0	merci
frère	5	390.39	4	0	frère
assez	5	407.75	4	0	assez
tirer	5	415.14	4	0	tirer
payer	5	416.68	4	0	payer
amour	5	458.27	4	0	amour
moins	5	478.75	4	0	moins
tenir	5	504.69	4	0	tenir
maman	5	540.21	4	0	maman
finir	5	557.61	4	0	finir
jouer	5	570.12	4	0	jouer
comme	5	577.64	4	0	comme
grand	5	638.72	4	0	grand
mieux	5	651.73	4	0	mieux
juste	5	656.86	4	0	juste
aider	5	688.71	4	0	aider
heure	5	709.79	4	0	heure
voilà	5	726.44	4	0	voilà
autre	5	786.09	4	0	autre
monde	5	830.72	4	0	monde
fille	5	841.56	4	0	fille
temps	5	1031.05	4	0	temps
femme	5	1049.32	4	0	femme
petit	5	1106.8	4	0	petit
homme	5	1123.55	4	0	homme
aussi	5	1402.33	4	0	aussi
aimer	5	1655.07	4	0	aimer
chose	5	1773.62	4	0	chose
alors	5	1777.65	4	0	alors
venir	5	2763.82	4	0	venir
faire	5	8813.48	4	0	faire
avoir	5	18559.22	4	0	avoir
soirée	6	102.37	4	0	soirée
triste	6	103.44	4	0	triste
parole	6	103.48	4	0	parole
groupe	6	104.38	4	0	groupe
humain	6	107.1	4	0	humain
preuve	6	107.54	4	0	preuve
soldat	6	107.92	4	0	soldat
brûler	6	110.28	4	0	brûler
dessus	6	111.19	4	0	dessus
peuple	6	111.36	4	0	peuple
client	6	112.12	4	0	client
avocat	6	112.69	4	0	avocat
propos	6	115.21	4	0	propos
naître	6	116.11	4	0	naître
espèce	6	116.51	4	0	espèce
papier	6	120.51	4	0	papier
cheveu	6	121.27	4	0	cheveu
sauter	6	123.03	4	0	sauter
voyage	6	123.17	4	0	voyage
soleil	6	123.34	4	0	soleil
erreur	6	124.15	4	0	erreur
bateau	6	124.82	4	0	bateau
vivant	6	124.97	4	0	vivant
chemin	6	125.18	4	0	chemin
cadeau	6	125.79	4	0	cadeau
cheval	6	129.12	4	0	cheval
équipe	6	129.97	4	0	équipe
pareil	6	133.45	4	0	pareil
danser	6	137.36	4	0	danser
simple	6	137.69	4	0	simple
retour	6	138.94	4	0	retour
visage	6	141.23	4	0	visage
amuser	6	141.41	4	0	amuser
patron	6	141.53	4	0	patron
courir	6	146.5	4	0	courir
depuis	6	147.19	4	0	depuis
prison	6	147.49	4	0	prison
autant	6	152.16	4	0	autant
couper	6	155.82	4	0	couper
esprit	6	155.82	4	0	esprit
lettre	6	156.77	4	0	lettre
malade	6	158.27	4	0	malade
copain	6	158.62	4	0	copain
facile	6	159.35	4	0	facile
casser	6	160.61	4	0	casser
compte	6	160.95	4	0	compte
propre	6	163.24	4	0	propre
bureau	6	167.13	4	0	bureau
calmer	6	168.54	4	0	calmer
numéro	6	173.48	4	0	numéro
offrir	6	177.8	4	0	offrir
pauvre	6	178.03	4	0	pauvre
dehors	6	180.79	4	0	dehors
mentir	6	185.16	4	0	mentir
amener	6	190.32	4	0	amener
partie	6	191.19	4	0	partie
gentil	6	192.64	4	0	gentil
adorer	6	193.67	4	0	adorer
battre	6	200.35	4	0	battre
cacher	6	204.13	4	0	cacher
vendre	6	206.95	4	0	vendre
plutôt	6	210.4	4	0	plutôt
bouger	6	211.9	4	0	bouger
marier	6	220.51	4	0	marier
guerre	6	221.65	4	0	guerre
fermer	6	238.65	4	0	fermer
sauver	6	246.54	4	0	sauver
garçon	6	251.51	4	0	garçon
revoir	6	262.05	4	0	revoir
police	6	276.21	4	0	police
monter	6	277.32	4	0	monter
gagner	6	294.44	4	0	gagner
écrire	6	305.92	4	0	écrire
madame	6	307.36	4	0	madame
servir	6	309.81	4	0	servir
garder	6	338.4	4	0	garder
minute	6	342.28	4	0	minute
chance	6	360.6	4	0	chance
dormir	6	392.09	4	0	dormir
tomber	6	407.82	4	0	tomber
ouvrir	6	413.32	4	0	ouvrir
moment	6	433.59	4	0	moment
entrer	6	450.11	4	0	entrer
raison	6	467.94	4	0	raison
rendre	6	508.81	4	0	rendre
sentir	6	535.4	4	0	sentir
perdre	6	546.08	4	0	perdre
maison	6	605.75	4	0	maison
plaire	6	607.21	4	0	plaire
enfant	6	735.59	4	0	enfant
besoin	6	771.24	4	0	besoin
mourir	6	916.4	4	0	mourir
rester	6	1003.56	4	0	rester
mettre	6	1004.83	4	0	mettre
partir	6	1111.97	4	0	partir
encore	6	1176.94	4	0	encore
jamais	6	1360.22	4	0	jamais
penser	6	1485.47	4	0	penser
passer	6	1495.49	4	0	passer
croire	6	1711.99	4	0	croire
suivre	6	2090.54	4	0	suivre
risquer	7	100.4	4	0	risquer
dégager	7	102.47	4	0	dégager
certain	7	103.57	4	0	certain
colonel	7	103.7	4	0	colonel
blesser	7	103.74	4	0	blesser
traiter	7	104.04	4	0	traiter
victime	7	106.25	4	0	victime
silence	7	106.43	4	0	silence
assurer	7	107.71	4	0	assurer
journal	7	110.8	4	0	journal
inviter	7	116.83	4	0	inviter
message	7	117.11	4	0	message
pouvoir	7	117.87	4	0	pouvoir
pousser	7	125.61	4	0	pousser
ensuite	7	127.92	4	0	ensuite
habiter	7	128.3	4	0	habiter
honneur	7	130.69	4	0	honneur
bizarre	7	131.41	4	0	bizarre
réussir	7	131.88	4	0	réussir
hôpital	7	133.15	4	0	hôpital
lumière	7	134.83	4	0	lumière
souvent	7	135.54	4	0	souvent
exister	7	136.24	4	0	exister
médecin	7	140.19	4	0	médecin
partout	7	141.94	4	0	partout
refuser	7	143.96	4	0	refuser
surtout	7	148.66	4	0	surtout
tromper	7	149.09	4	0	tromper
parfois	7	152.86	4	0	parfois
ignorer	7	156.55	4	0	ignorer
frapper	7	160.04	4	0	frapper
bonsoir	7	161.17	4	0	bonsoir
chanter	7	166.34	4	0	chanter
musique	7	169.8	4	0	musique
choisir	7	170.48	4	0	choisir
enlever	7	172.47	4	0	enlever
ramener	7	172.7	4	0	ramener
journée	7	174.89	4	0	journée
presque	7	181.81	4	0	presque
bientôt	7	184.96	4	0	bientôt
plaisir	7	186.37	4	0	plaisir
service	7	187.67	4	0	service
pleurer	7	191.64	4	0	pleurer
tourner	7	204.15	4	0	tourner
décider	7	207.76	4	0	décider
nouveau	7	209.45	4	0	nouveau
endroit	7	218.24	4	0	endroit
compter	7	227.78	4	0	compter
sembler	7	229.25	4	0	sembler
suffire	7	232.08	4	0	suffire
docteur	7	233.86	4	0	docteur
heureux	7	248.45	4	0	heureux
manquer	7	253.94	4	0	manquer
emmener	7	272.71	4	0	emmener
quitter	7	276.23	4	0	quitter
chambre	7	288.64	4	0	chambre
acheter	7	290.7	4	0	acheter
semaine	7	290.85	4	0	semaine
désoler	7	297.27	4	0	désoler
espérer	7	301.08	4	0	espérer
asseoir	7	322.71	4	0	asseoir
montrer	7	327.33	4	0	montrer
envoyer	7	360.16	4	0	envoyer
marcher	7	364.37	4	0	marcher
occuper	7	375.14	4	0	occuper
premier	7	376.98	4	0	premier
famille	7	384.92	4	0	famille
travail	7	389.83	4	0	travail
combien	7	390.58	4	0	combien
affaire	7	393.83	4	0	affaire
excuser	7	399.19	4	0	excuser
changer	7	411.99	4	0	changer
voiture	7	429.4	4	0	voiture
dernier	7	431.08	4	0	dernier
écouter	7	470.93	4	0	écouter
oublier	7	486.96	4	0	oublier
rentrer	7	532.51	4	0	rentrer
bonjour	7	570.57	4	0	bonjour
revenir	7	618.62	4	0	revenir
essayer	7	670.4	4	0	essayer
comment	7	922.93	4	0	comment
arrêter	7	993.79	4	0	arrêter
appeler	7	1165.48	4	0	appeler
arriver	7	1252.42	4	0	arriver
laisser	7	1334.1	4	0	laisser
trouver	7	1335.49	4	0	trouver
prendre	7	1913.83	4	0	prendre
accident	8	108.21	4	0	accident
vérifier	8	110.87	4	0	vérifier
dépêcher	8	111.44	4	0	dépêcher
attraper	8	112.52	4	0	attraper
souffrir	8	113.83	4	0	souffrir
arranger	8	116.14	4	0	arranger
craindre	8	117.44	4	0	craindre
supposer	8	120.31	4	0	supposer
empêcher	8	121.85	4	0	empêcher
paraître	8	122.14	4	0	paraître
détester	8	122.87	4	0	détester
détruire	8	126.08	4	0	détruire
déranger	8	126.95	4	0	déranger
ailleurs	8	128.74	4	0	ailleurs
prévenir	8	129.28	4	0	prévenir
protéger	8	130.71	4	0	protéger
sûrement	8	133.67	4	0	sûrement
terminer	8	142.38	4	0	terminer
remettre	8	144.99	4	0	remettre
seigneur	8	153.82	4	0	seigneur
prochain	8	160.27	4	0	prochain
accepter	8	165.84	4	0	accepter
conduire	8	169.64	4	0	conduire
préparer	8	174.33	4	0	préparer
préférer	8	179.44	4	0	préférer
utiliser	8	182.44	4	0	utiliser
recevoir	8	192.73	4	0	recevoir
imaginer	8	194.29	4	0	imaginer
possible	8	201.41	4	0	possible
apporter	8	209.91	4	0	apporter
meilleur	8	221.17	4	0	meilleur
répondre	8	251.57	4	0	répondre
ensemble	8	253.47	4	0	ensemble
raconter	8	253.84	4	0	raconter
importer	8	259.37	4	0	importer
rappeler	8	281.75	4	0	rappeler
histoire	8	359.92	4	0	histoire
question	8	411.82	4	0	question
problème	8	520.07	4	0	problème
beaucoup	8	626	4	0	beaucoup
chercher	8	712.46	4	0	chercher
entendre	8	728.67	4	0	entendre
monsieur	8	739.12	4	0	monsieur
demander	8	909.77	4	0	demander
vraiment	8	968.57	4	0	vraiment
toujours	8	1072.36	4	0	toujours
regarder	8	1197.29	4	0	regarder
pourquoi	8	1348.04	4	0	pourquoi
attendre	8	1351.46	4	0	attendre
